Subject,MatPath,ErrorLoading,TimePoints,RawROIs,RawROIsMatchExpected,NaNsCount,NaNsPct,ZerosCount,ZerosPct,NullChannelsCount,NullChannelsPct,UnivOutliersCount,UnivOutliersPct,MeanOriginalVariance,MVOutliersCount,MVOutliersPct,MVAnalysisSkipped,MVAnalysisMethod,ROIs_for_MV,ROI_Processing_Log,DVARS_mean,FD_mean,tSNR_mean,MRIQC_score
002_S_0295,ROISignals_002_S_0295.mat,False,140,100,True,0,0.0,0,0.0,0,0.0,102,0.7285714285714285,1445.3943126203208,19,13.571428571428571,,MCD,100,Se usarán las 100 ROIs del atlas Schaefer.,,,,
002_S_0413,ROISignals_002_S_0413.mat,False,140,100,True,0,0.0,0,0.0,0,0.0,11,0.07857142857142857,1479.9708359040926,19,13.571428571428571,,MCD,100,Se usarán las 100 ROIs del atlas Schaefer.,,,,
002_S_0685,ROISignals_002_S_0685.mat,False,140,100,True,0,0.0,0,0.0,0,0.0,17,0.12142857142857143,812.3367841264203,19,13.571428571428571,,MCD,100,Se usarán las 100 ROIs del atlas Schaefer.,,,,
002_S_0729,ROISignals_002_S_0729.mat,False,140,100,True,0,0.0,0,0.0,0,0.0,10,0.07142857142857142,1634.8663803230147,19,13.571428571428571,,MCD,100,Se usarán las 100 ROIs del atlas Schaefer.,,,,
002_S_1155,ROISignals_002_S_1155.mat,False,197,100,True,0,0.0,0,0.0,0,0.0,48,0.2436548223350254,2386.5665357683897,51,25.888324873096447,,MCD,100,Se usarán las 100 ROIs del atlas Schaefer.,,,,
002_S_2010,ROISignals_002_S_2010.mat,False,140,100,True,0,0.0,0,0.0,0,0.0,27,0.19285714285714287,1179.9071406296277,19,13.571428571428571,,MCD,100,Se usarán las 100 ROIs del atlas Schaefer.,,,,
002_S_2043,ROISignals_002_S_2043.mat,False,140,100,True,0,0.0,0,0.0,0,0.0,18,0.12857142857142856,1375.465626486515,19,13.571428571428571,,MCD,100,Se usarán las 100 ROIs del atlas Schaefer.,,,,
002_S_2073,ROISignals_002_S_2073.mat,False,140,100,True,0,0.0,0,0.0,0,0.0,8,0.05714285714285714,636.9726555429437,19,13.571428571428571,,MCD,100,Se usarán las 100 ROIs del atlas Schaefer.,,,,
002_S_4171,ROISignals_002_S_4171.mat,False,140,100,True,0,0.0,0,0.0,0,0.0,26,0.18571428571428572,1521.9164341656713,19,13.571428571428571,,MCD,100,Se usarán las 100 ROIs del atlas Schaefer.,,,,
002_S_4213,ROISignals_002_S_4213.mat,False,140,100,True,0,0.0,0,0.0,0,0.0,23,0.16428571428571428,1465.3366294204739,19,13.571428571428571,,MCD,100,Se usarán las 100 ROIs del atlas Schaefer.,,,,
002_S_4219,ROISignals_002_S_4219.mat,False,140,100,True,0,0.0,0,0.0,0,0.0,31,0.22142857142857142,2344.921601257996,19,13.571428571428571,,MCD,100,Se usarán las 100 ROIs del atlas Schaefer.,,,,
002_S_4229,ROISignals_002_S_4229.mat,False,140,100,True,0,0.0,0,0.0,0,0.0,15,0.10714285714285714,852.6906349594087,19,13.571428571428571,,MCD,100,Se usarán las 100 ROIs del atlas Schaefer.,,,,
002_S_4237,ROISignals_002_S_4237.mat,False,140,100,True,0,0.0,0,0.0,0,0.0,20,0.14285714285714285,1141.777747825399,19,13.571428571428571,,MCD,100,Se usarán las 100 ROIs del atlas Schaefer.,,,,
002_S_4251,ROISignals_002_S_4251.mat,False,140,100,True,0,0.0,0,0.0,0,0.0,6,0.04285714285714286,1507.2399721280726,19,13.571428571428571,,MCD,100,Se usarán las 100 ROIs del atlas Schaefer.,,,,
002_S_4262,ROISignals_002_S_4262.mat,False,140,100,True,0,0.0,0,0.0,0,0.0,9,0.06428571428571428,1162.32857388225,19,13.571428571428571,,MCD,100,Se usarán las 100 ROIs del atlas Schaefer.,,,,
002_S_4264,ROISignals_002_S_4264.mat,False,140,100,True,0,0.0,0,0.0,0,0.0,14,0.1,576.6582589333095,19,13.571428571428571,,MCD,100,Se usarán las 100 ROIs del atlas Schaefer.,,,,
002_S_4270,ROISignals_002_S_4270.mat,False,140,100,True,0,0.0,0,0.0,0,0.0,17,0.12142857142857143,1077.1851926522752,19,13.571428571428571,,MCD,100,Se usarán las 100 ROIs del atlas Schaefer.,,,,
002_S_4473,ROISignals_002_S_4473.mat,False,197,100,True,0,0.0,0,0.0,0,0.0,21,0.1065989847715736,1098.241225915762,49,24.873096446700508,,MCD,100,Se usarán las 100 ROIs del atlas Schaefer.,,,,
002_S_4654,ROISignals_002_S_4654.mat,False,197,100,True,0,0.0,0,0.0,0,0.0,20,0.10152284263959391,1604.586724576198,51,25.888324873096447,,MCD,100,Se usarán las 100 ROIs del atlas Schaefer.,,,,
002_S_4799,ROISignals_002_S_4799.mat,False,197,100,True,0,0.0,0,0.0,0,0.0,43,0.2182741116751269,1885.1438654810563,51,25.888324873096447,,MCD,100,Se usarán las 100 ROIs del atlas Schaefer.,,,,
003_S_0908,ROISignals_003_S_0908.mat,False,197,100,True,0,0.0,0,0.0,0,0.0,4,0.02030456852791878,1328.2136583758693,51,25.888324873096447,,MCD,100,Se usarán las 100 ROIs del atlas Schaefer.,,,,
003_S_1074,ROISignals_003_S_1074.mat,False,197,100,True,0,0.0,0,0.0,0,0.0,92,0.467005076142132,2090.181925811354,54,27.411167512690355,,MCD,100,Se usarán las 100 ROIs del atlas Schaefer.,,,,
003_S_1122,ROISignals_003_S_1122.mat,False,197,100,True,0,0.0,0,0.0,0,0.0,49,0.24873096446700507,1376.5996366552852,48,24.365482233502537,,MCD,100,Se usarán las 100 ROIs del atlas Schaefer.,,,,
003_S_4354,ROISignals_003_S_4354.mat,False,197,100,True,0,0.0,0,0.0,0,0.0,193,0.9796954314720813,4552.893044756105,53,26.903553299492387,,MCD,100,Se usarán las 100 ROIs del atlas Schaefer.,,,,
003_S_6258,ROISignals_003_S_6258.mat,False,197,100,True,0,0.0,0,0.0,0,0.0,11,0.05583756345177665,883.9990338047601,52,26.395939086294415,,MCD,100,Se usarán las 100 ROIs del atlas Schaefer.,,,,
003_S_6264,ROISignals_003_S_6264.mat,False,197,100,True,0,0.0,0,0.0,0,0.0,39,0.19796954314720813,2015.1832116623702,52,26.395939086294415,,MCD,100,Se usarán las 100 ROIs del atlas Schaefer.,,,,
003_S_6268,ROISignals_003_S_6268.mat,False,197,100,True,0,0.0,0,0.0,0,0.0,55,0.27918781725888325,1846.317560322721,51,25.888324873096447,,MCD,100,Se usarán las 100 ROIs del atlas Schaefer.,,,,
003_S_6432,ROISignals_003_S_6432.mat,False,197,100,True,0,0.0,0,0.0,0,0.0,18,0.09137055837563451,728.418877734427,51,25.888324873096447,,MCD,100,Se usarán las 100 ROIs del atlas Schaefer.,,,,
003_S_6606,ROISignals_003_S_6606.mat,False,197,100,True,0,0.0,0,0.0,0,0.0,52,0.2639593908629442,2588.5372964585313,51,25.888324873096447,,MCD,100,Se usarán las 100 ROIs del atlas Schaefer.,,,,
003_S_6678,ROISignals_003_S_6678.mat,False,197,100,True,0,0.0,0,0.0,0,0.0,34,0.17258883248730963,1028.7536039707252,54,27.411167512690355,,MCD,100,Se usarán las 100 ROIs del atlas Schaefer.,,,,
003_S_6833,ROISignals_003_S_6833.mat,False,197,100,True,0,0.0,0,0.0,0,0.0,22,0.1116751269035533,1776.7592433048878,50,25.380710659898476,,MCD,100,Se usarán las 100 ROIs del atlas Schaefer.,,,,
003_S_6954,ROISignals_003_S_6954.mat,False,197,100,True,0,0.0,0,0.0,0,0.0,18,0.09137055837563451,1860.8521023839185,52,26.395939086294415,,MCD,100,Se usarán las 100 ROIs del atlas Schaefer.,,,,
005_S_4185,ROISignals_005_S_4185.mat,False,200,100,True,0,0.0,0,0.0,0,0.0,56,0.28,1264.3378554893416,51,25.5,,MCD,100,Se usarán las 100 ROIs del atlas Schaefer.,,,,
006_S_0498,ROISignals_006_S_0498.mat,False,197,100,True,0,0.0,0,0.0,0,0.0,14,0.07106598984771574,988.0412347817555,52,26.395939086294415,,MCD,100,Se usarán las 100 ROIs del atlas Schaefer.,,,,
006_S_0731,ROISignals_006_S_0731.mat,False,197,100,True,0,0.0,0,0.0,0,0.0,11,0.05583756345177665,1060.4282637084286,51,25.888324873096447,,MCD,100,Se usarán las 100 ROIs del atlas Schaefer.,,,,
006_S_4150,ROISignals_006_S_4150.mat,False,140,100,True,0,0.0,0,0.0,0,0.0,22,0.15714285714285714,540.5034186526763,19,13.571428571428571,,MCD,100,Se usarán las 100 ROIs del atlas Schaefer.,,,,
006_S_4153,ROISignals_006_S_4153.mat,False,140,100,True,0,0.0,0,0.0,0,0.0,6,0.04285714285714286,761.3846517445324,19,13.571428571428571,,MCD,100,Se usarán las 100 ROIs del atlas Schaefer.,,,,
006_S_4192,ROISignals_006_S_4192.mat,False,140,100,True,0,0.0,0,0.0,0,0.0,4,0.02857142857142857,1051.8480541168794,19,13.571428571428571,,MCD,100,Se usarán las 100 ROIs del atlas Schaefer.,,,,
006_S_4346,ROISignals_006_S_4346.mat,False,140,100,True,0,0.0,0,0.0,0,0.0,31,0.22142857142857142,1242.0574116951423,19,13.571428571428571,,MCD,100,Se usarán las 100 ROIs del atlas Schaefer.,,,,
006_S_4357,ROISignals_006_S_4357.mat,False,140,100,True,0,0.0,0,0.0,0,0.0,13,0.09285714285714286,553.3280156663571,19,13.571428571428571,,MCD,100,Se usarán las 100 ROIs del atlas Schaefer.,,,,
006_S_4363,ROISignals_006_S_4363.mat,False,140,100,True,0,0.0,0,0.0,0,0.0,7,0.05,759.8086382832091,19,13.571428571428571,,MCD,100,Se usarán las 100 ROIs del atlas Schaefer.,,,,
006_S_4449,ROISignals_006_S_4449.mat,False,140,100,True,0,0.0,0,0.0,0,0.0,31,0.22142857142857142,863.2516465858112,19,13.571428571428571,,MCD,100,Se usarán las 100 ROIs del atlas Schaefer.,,,,
006_S_4485,ROISignals_006_S_4485.mat,False,140,100,True,0,0.0,0,0.0,0,0.0,41,0.29285714285714287,1999.0308782127383,19,13.571428571428571,,MCD,100,Se usarán las 100 ROIs del atlas Schaefer.,,,,
006_S_4546,ROISignals_006_S_4546.mat,False,140,100,True,0,0.0,0,0.0,0,0.0,59,0.42142857142857143,1791.1256193537567,19,13.571428571428571,,MCD,100,Se usarán las 100 ROIs del atlas Schaefer.,,,,
006_S_4679,ROISignals_006_S_4679.mat,False,140,100,True,0,0.0,0,0.0,0,0.0,11,0.07857142857142857,2679.508826515481,19,13.571428571428571,,MCD,100,Se usarán las 100 ROIs del atlas Schaefer.,,,,
006_S_4713,ROISignals_006_S_4713.mat,False,140,100,True,0,0.0,0,0.0,0,0.0,11,0.07857142857142857,752.7384676077361,19,13.571428571428571,,MCD,100,Se usarán las 100 ROIs del atlas Schaefer.,,,,
006_S_4867,ROISignals_006_S_4867.mat,False,140,100,True,0,0.0,0,0.0,0,0.0,46,0.32857142857142857,866.7904649857467,19,13.571428571428571,,MCD,100,Se usarán las 100 ROIs del atlas Schaefer.,,,,
006_S_4960,ROISignals_006_S_4960.mat,False,140,100,True,0,0.0,0,0.0,0,0.0,38,0.2714285714285714,1607.8383852323461,19,13.571428571428571,,MCD,100,Se usarán las 100 ROIs del atlas Schaefer.,,,,
006_S_6209,ROISignals_006_S_6209.mat,False,197,100,True,0,0.0,0,0.0,0,0.0,31,0.15736040609137056,1848.2561723782583,53,26.903553299492387,,MCD,100,Se usarán las 100 ROIs del atlas Schaefer.,,,,
006_S_6234,ROISignals_006_S_6234.mat,False,197,100,True,0,0.0,0,0.0,0,0.0,22,0.1116751269035533,472.0852700014738,48,24.365482233502537,,MCD,100,Se usarán las 100 ROIs del atlas Schaefer.,,,,
006_S_6243,ROISignals_006_S_6243.mat,False,197,100,True,0,0.0,0,0.0,0,0.0,8,0.04060913705583756,2000.356139592736,50,25.380710659898476,,MCD,100,Se usarán las 100 ROIs del atlas Schaefer.,,,,
006_S_6252,ROISignals_006_S_6252.mat,False,197,100,True,0,0.0,0,0.0,0,0.0,19,0.09644670050761421,375.85599009366314,51,25.888324873096447,,MCD,100,Se usarán las 100 ROIs del atlas Schaefer.,,,,
006_S_6291,ROISignals_006_S_6291.mat,False,197,100,True,0,0.0,0,0.0,0,0.0,24,0.1218274111675127,477.34682559848414,51,25.888324873096447,,MCD,100,Se usarán las 100 ROIs del atlas Schaefer.,,,,
006_S_6375,ROISignals_006_S_6375.mat,False,197,100,True,0,0.0,0,0.0,0,0.0,6,0.030456852791878174,836.4837692489069,53,26.903553299492387,,MCD,100,Se usarán las 100 ROIs del atlas Schaefer.,,,,
006_S_6441,ROISignals_006_S_6441.mat,False,197,100,True,0,0.0,0,0.0,0,0.0,0,0.0,1348.862899911533,52,26.395939086294415,,MCD,100,Se usarán las 100 ROIs del atlas Schaefer.,,,,
006_S_6610,ROISignals_006_S_6610.mat,False,197,100,True,0,0.0,0,0.0,0,0.0,22,0.1116751269035533,1151.5151176855281,51,25.888324873096447,,MCD,100,Se usarán las 100 ROIs del atlas Schaefer.,,,,
006_S_6651,ROISignals_006_S_6651.mat,False,197,100,True,0,0.0,0,0.0,0,0.0,20,0.10152284263959391,547.6756288110045,50,25.380710659898476,,MCD,100,Se usarán las 100 ROIs del atlas Schaefer.,,,,
006_S_6657,ROISignals_006_S_6657.mat,False,197,100,True,0,0.0,0,0.0,0,0.0,8,0.04060913705583756,943.366915886094,56,28.426395939086294,,MCD,100,Se usarán las 100 ROIs del atlas Schaefer.,,,,
006_S_6672,ROISignals_006_S_6672.mat,False,197,100,True,0,0.0,0,0.0,0,0.0,20,0.10152284263959391,588.7743787604134,54,27.411167512690355,,MCD,100,Se usarán las 100 ROIs del atlas Schaefer.,,,,
006_S_6674,ROISignals_006_S_6674.mat,False,197,100,True,0,0.0,0,0.0,0,0.0,144,0.7309644670050761,1129.4215342402965,53,26.903553299492387,,MCD,100,Se usarán las 100 ROIs del atlas Schaefer.,,,,
006_S_6677,ROISignals_006_S_6677.mat,False,197,100,True,0,0.0,0,0.0,0,0.0,4,0.02030456852791878,2181.0190607040463,50,25.380710659898476,,MCD,100,Se usarán las 100 ROIs del atlas Schaefer.,,,,
006_S_6682,ROISignals_006_S_6682.mat,False,197,100,True,0,0.0,0,0.0,0,0.0,19,0.09644670050761421,826.6715736620947,50,25.380710659898476,,MCD,100,Se usarán las 100 ROIs del atlas Schaefer.,,,,
006_S_6689,ROISignals_006_S_6689.mat,False,197,100,True,0,0.0,0,0.0,0,0.0,5,0.025380710659898477,426.78958291945327,51,25.888324873096447,,MCD,100,Se usarán las 100 ROIs del atlas Schaefer.,,,,
006_S_6696,ROISignals_006_S_6696.mat,False,197,100,True,0,0.0,0,0.0,0,0.0,11,0.05583756345177665,1988.6726745185756,53,26.903553299492387,,MCD,100,Se usarán las 100 ROIs del atlas Schaefer.,,,,
006_S_6770,ROISignals_006_S_6770.mat,False,197,100,True,0,0.0,0,0.0,0,0.0,11,0.05583756345177665,634.8491696547595,52,26.395939086294415,,MCD,100,Se usarán las 100 ROIs del atlas Schaefer.,,,,
010_S_4135,ROISignals_010_S_4135.mat,False,140,100,True,0,0.0,0,0.0,0,0.0,44,0.3142857142857143,1067.6574572254738,19,13.571428571428571,,MCD,100,Se usarán las 100 ROIs del atlas Schaefer.,,,,
010_S_4442,ROISignals_010_S_4442.mat,False,140,100,True,0,0.0,0,0.0,0,0.0,81,0.5785714285714286,2483.630982241976,19,13.571428571428571,,MCD,100,Se usarán las 100 ROIs del atlas Schaefer.,,,,
010_S_5163,ROISignals_010_S_5163.mat,False,140,100,True,0,0.0,0,0.0,0,0.0,22,0.15714285714285714,3393.140342474423,19,13.571428571428571,,MCD,100,Se usarán las 100 ROIs del atlas Schaefer.,,,,
011_S_4547,ROISignals_011_S_4547.mat,False,197,100,True,0,0.0,0,0.0,0,0.0,3,0.015228426395939087,3203.709978291276,52,26.395939086294415,,MCD,100,Se usarán las 100 ROIs del atlas Schaefer.,,,,
011_S_4827,ROISignals_011_S_4827.mat,False,197,100,True,0,0.0,0,0.0,0,0.0,91,0.4619289340101523,2598.8285491076326,51,25.888324873096447,,MCD,100,Se usarán las 100 ROIs del atlas Schaefer.,,,,
011_S_4893,ROISignals_011_S_4893.mat,False,197,100,True,0,0.0,0,0.0,0,0.0,21,0.1065989847715736,974.5753743840124,50,25.380710659898476,,MCD,100,Se usarán las 100 ROIs del atlas Schaefer.,,,,
011_S_6303,ROISignals_011_S_6303.mat,False,197,100,True,0,0.0,0,0.0,0,0.0,48,0.2436548223350254,1334.334195720516,53,26.903553299492387,,MCD,100,Se usarán las 100 ROIs del atlas Schaefer.,,,,
011_S_6618,ROISignals_011_S_6618.mat,False,197,100,True,0,0.0,0,0.0,0,0.0,14,0.07106598984771574,1141.6642318984964,53,26.903553299492387,,MCD,100,Se usarán las 100 ROIs del atlas Schaefer.,,,,
012_S_4026,ROISignals_012_S_4026.mat,False,140,100,True,0,0.0,0,0.0,0,0.0,5,0.03571428571428571,446.46286375301213,19,13.571428571428571,,MCD,100,Se usarán las 100 ROIs del atlas Schaefer.,,,,
012_S_4094,ROISignals_012_S_4094.mat,False,140,100,True,0,0.0,0,0.0,0,0.0,16,0.11428571428571428,1067.6981109778542,19,13.571428571428571,,MCD,100,Se usarán las 100 ROIs del atlas Schaefer.,,,,
012_S_4128,ROISignals_012_S_4128.mat,False,140,100,True,0,0.0,0,0.0,0,0.0,4,0.02857142857142857,2155.2145345545696,19,13.571428571428571,,MCD,100,Se usarán las 100 ROIs del atlas Schaefer.,,,,
012_S_4188,ROISignals_012_S_4188.mat,False,140,100,True,0,0.0,0,0.0,0,0.0,24,0.17142857142857143,979.1312216242571,19,13.571428571428571,,MCD,100,Se usarán las 100 ROIs del atlas Schaefer.,,,,
012_S_4643,ROISignals_012_S_4643.mat,False,140,100,True,0,0.0,0,0.0,0,0.0,30,0.21428571428571427,704.3241849628263,19,13.571428571428571,,MCD,100,Se usarán las 100 ROIs del atlas Schaefer.,,,,
012_S_4849,ROISignals_012_S_4849.mat,False,140,100,True,0,0.0,0,0.0,0,0.0,19,0.1357142857142857,740.6003955735298,19,13.571428571428571,,MCD,100,Se usarán las 100 ROIs del atlas Schaefer.,,,,
012_S_4987,ROISignals_012_S_4987.mat,False,140,100,True,0,0.0,0,0.0,0,0.0,2,0.014285714285714285,1823.1850302012483,19,13.571428571428571,,MCD,100,Se usarán las 100 ROIs del atlas Schaefer.,,,,
012_S_6073,ROISignals_012_S_6073.mat,False,197,100,True,0,0.0,0,0.0,0,0.0,10,0.050761421319796954,1353.4393714240887,52,26.395939086294415,,MCD,100,Se usarán las 100 ROIs del atlas Schaefer.,,,,
012_S_6503,ROISignals_012_S_6503.mat,False,197,100,True,0,0.0,0,0.0,0,0.0,73,0.37055837563451777,2335.8206081331487,51,25.888324873096447,,MCD,100,Se usarán las 100 ROIs del atlas Schaefer.,,,,
012_S_6760,ROISignals_012_S_6760.mat,False,197,100,True,0,0.0,0,0.0,0,0.0,22,0.1116751269035533,4828.3650544509155,49,24.873096446700508,,MCD,100,Se usarán las 100 ROIs del atlas Schaefer.,,,,
013_S_1186,ROISignals_013_S_1186.mat,False,140,100,True,0,0.0,0,0.0,0,0.0,4,0.02857142857142857,5490.576199567249,19,13.571428571428571,,MCD,100,Se usarán las 100 ROIs del atlas Schaefer.,,,,
013_S_2324,ROISignals_013_S_2324.mat,False,140,100,True,0,0.0,0,0.0,0,0.0,10,0.07142857142857142,851.5316671097315,19,13.571428571428571,,MCD,100,Se usarán las 100 ROIs del atlas Schaefer.,,,,
013_S_2389,ROISignals_013_S_2389.mat,False,140,100,True,0,0.0,0,0.0,0,0.0,6,0.04285714285714286,1224.8086376563642,19,13.571428571428571,,MCD,100,Se usarán las 100 ROIs del atlas Schaefer.,,,,
013_S_4236,ROISignals_013_S_4236.mat,False,140,100,True,0,0.0,0,0.0,0,0.0,12,0.08571428571428572,384.72424153027345,19,13.571428571428571,,MCD,100,Se usarán las 100 ROIs del atlas Schaefer.,,,,
013_S_4268,ROISignals_013_S_4268.mat,False,140,100,True,0,0.0,0,0.0,0,0.0,14,0.1,973.9398443632948,19,13.571428571428571,,MCD,100,Se usarán las 100 ROIs del atlas Schaefer.,,,,
013_S_4395,ROISignals_013_S_4395.mat,False,140,100,True,0,0.0,0,0.0,0,0.0,79,0.5642857142857143,949.4265750069945,19,13.571428571428571,,MCD,100,Se usarán las 100 ROIs del atlas Schaefer.,,,,
013_S_4580,ROISignals_013_S_4580.mat,False,140,100,True,0,0.0,0,0.0,0,0.0,95,0.6785714285714286,402.7137100505255,19,13.571428571428571,,MCD,100,Se usarán las 100 ROIs del atlas Schaefer.,,,,
013_S_4595,ROISignals_013_S_4595.mat,False,140,100,True,0,0.0,0,0.0,0,0.0,36,0.2571428571428571,1629.8525486622839,19,13.571428571428571,,MCD,100,Se usarán las 100 ROIs del atlas Schaefer.,,,,
013_S_4616,ROISignals_013_S_4616.mat,False,140,100,True,0,0.0,0,0.0,0,0.0,40,0.2857142857142857,913.055516480356,19,13.571428571428571,,MCD,100,Se usarán las 100 ROIs del atlas Schaefer.,,,,
013_S_4731,ROISignals_013_S_4731.mat,False,140,100,True,0,0.0,0,0.0,0,0.0,15,0.10714285714285714,970.3122829024466,19,13.571428571428571,,MCD,100,Se usarán las 100 ROIs del atlas Schaefer.,,,,
013_S_4768,ROISignals_013_S_4768.mat,False,140,100,True,0,0.0,0,0.0,0,0.0,40,0.2857142857142857,2432.671953782602,19,13.571428571428571,,MCD,100,Se usarán las 100 ROIs del atlas Schaefer.,,,,
013_S_4791,ROISignals_013_S_4791.mat,False,140,100,True,0,0.0,0,0.0,0,0.0,30,0.21428571428571427,894.6534960742174,19,13.571428571428571,,MCD,100,Se usarán las 100 ROIs del atlas Schaefer.,,,,
013_S_4917,ROISignals_013_S_4917.mat,False,140,100,True,0,0.0,0,0.0,0,0.0,88,0.6285714285714286,603.7856746962844,19,13.571428571428571,,MCD,100,Se usarán las 100 ROIs del atlas Schaefer.,,,,
013_S_4985,ROISignals_013_S_4985.mat,False,140,100,True,0,0.0,0,0.0,0,0.0,24,0.17142857142857143,1414.6891218864682,19,13.571428571428571,,MCD,100,Se usarán las 100 ROIs del atlas Schaefer.,,,,
013_S_5071,ROISignals_013_S_5071.mat,False,140,100,True,0,0.0,0,0.0,0,0.0,76,0.5428571428571428,753.923255120581,19,13.571428571428571,,MCD,100,Se usarán las 100 ROIs del atlas Schaefer.,,,,
013_S_6206,ROISignals_013_S_6206.mat,False,197,100,True,0,0.0,0,0.0,0,0.0,53,0.26903553299492383,758.7726170746944,55,27.918781725888326,,MCD,100,Se usarán las 100 ROIs del atlas Schaefer.,,,,
013_S_6725,ROISignals_013_S_6725.mat,False,197,100,True,0,0.0,0,0.0,0,0.0,7,0.03553299492385787,962.0328664826941,50,25.380710659898476,,MCD,100,Se usarán las 100 ROIs del atlas Schaefer.,,,,
013_S_6768,ROISignals_013_S_6768.mat,False,197,100,True,0,0.0,0,0.0,0,0.0,190,0.9644670050761421,5575.764755054854,52,26.395939086294415,,MCD,100,Se usarán las 100 ROIs del atlas Schaefer.,,,,
013_S_6970,ROISignals_013_S_6970.mat,False,197,100,True,0,0.0,0,0.0,0,0.0,81,0.41116751269035534,2430.694562826576,52,26.395939086294415,,MCD,100,Se usarán las 100 ROIs del atlas Schaefer.,,,,
013_S_6975,ROISignals_013_S_6975.mat,False,197,100,True,0,0.0,0,0.0,0,0.0,101,0.5126903553299492,7919.275310691675,53,26.903553299492387,,MCD,100,Se usarán las 100 ROIs del atlas Schaefer.,,,,
013_S_7097,ROISignals_013_S_7097.mat,False,197,100,True,0,0.0,0,0.0,0,0.0,22,0.1116751269035533,1240.2321327267819,52,26.395939086294415,,MCD,100,Se usarán las 100 ROIs del atlas Schaefer.,,,,
014_S_2308,ROISignals_014_S_2308.mat,False,197,100,True,0,0.0,0,0.0,0,0.0,8,0.04060913705583756,2095.6522943822124,52,26.395939086294415,,MCD,100,Se usarán las 100 ROIs del atlas Schaefer.,,,,
014_S_6087,ROISignals_014_S_6087.mat,False,197,100,True,0,0.0,0,0.0,0,0.0,39,0.19796954314720813,2745.266362033206,53,26.903553299492387,,MCD,100,Se usarán las 100 ROIs del atlas Schaefer.,,,,
014_S_6765,ROISignals_014_S_6765.mat,False,197,100,True,0,0.0,0,0.0,0,0.0,32,0.16243654822335024,760.9794309605372,51,25.888324873096447,,MCD,100,Se usarán las 100 ROIs del atlas Schaefer.,,,,
014_S_6944,ROISignals_014_S_6944.mat,False,197,100,True,0,0.0,0,0.0,0,0.0,7,0.03553299492385787,289.1346619190078,50,25.380710659898476,,MCD,100,Se usarán las 100 ROIs del atlas Schaefer.,,,,
018_S_2133,ROISignals_018_S_2133.mat,False,140,100,True,0,0.0,0,0.0,0,0.0,70,0.5,1597.053648367743,19,13.571428571428571,,MCD,100,Se usarán las 100 ROIs del atlas Schaefer.,,,,
018_S_2155,ROISignals_018_S_2155.mat,False,140,100,True,0,0.0,0,0.0,0,0.0,20,0.14285714285714285,676.8208877126667,19,13.571428571428571,,MCD,100,Se usarán las 100 ROIs del atlas Schaefer.,,,,
018_S_2180,ROISignals_018_S_2180.mat,False,140,100,True,0,0.0,0,0.0,0,0.0,6,0.04285714285714286,1747.6729018287372,19,13.571428571428571,,MCD,100,Se usarán las 100 ROIs del atlas Schaefer.,,,,
018_S_4257,ROISignals_018_S_4257.mat,False,140,100,True,0,0.0,0,0.0,0,0.0,42,0.3,1390.0707921782,19,13.571428571428571,,MCD,100,Se usarán las 100 ROIs del atlas Schaefer.,,,,
018_S_4313,ROISignals_018_S_4313.mat,False,140,100,True,0,0.0,0,0.0,0,0.0,1,0.007142857142857143,1042.458880797284,19,13.571428571428571,,MCD,100,Se usarán las 100 ROIs del atlas Schaefer.,,,,
018_S_4349,ROISignals_018_S_4349.mat,False,140,100,True,0,0.0,0,0.0,0,0.0,2,0.014285714285714285,2727.570724176962,19,13.571428571428571,,MCD,100,Se usarán las 100 ROIs del atlas Schaefer.,,,,
018_S_4400,ROISignals_018_S_4400.mat,False,140,100,True,0,0.0,0,0.0,0,0.0,22,0.15714285714285714,623.7105887944452,19,13.571428571428571,,MCD,100,Se usarán las 100 ROIs del atlas Schaefer.,,,,
018_S_4597,ROISignals_018_S_4597.mat,False,140,100,True,0,0.0,0,0.0,0,0.0,44,0.3142857142857143,465.1302704720428,19,13.571428571428571,,MCD,100,Se usarán las 100 ROIs del atlas Schaefer.,,,,
018_S_4696,ROISignals_018_S_4696.mat,False,140,100,True,0,0.0,0,0.0,0,0.0,24,0.17142857142857143,1733.1236072270708,19,13.571428571428571,,MCD,100,Se usarán las 100 ROIs del atlas Schaefer.,,,,
018_S_4733,ROISignals_018_S_4733.mat,False,140,100,True,0,0.0,0,0.0,0,0.0,63,0.45,2336.3775985042357,19,13.571428571428571,,MCD,100,Se usarán las 100 ROIs del atlas Schaefer.,,,,
018_S_4809,ROISignals_018_S_4809.mat,False,140,100,True,0,0.0,0,0.0,0,0.0,48,0.34285714285714286,2500.171828157513,19,13.571428571428571,,MCD,100,Se usarán las 100 ROIs del atlas Schaefer.,,,,
018_S_4868,ROISignals_018_S_4868.mat,False,140,100,True,0,0.0,0,0.0,0,0.0,54,0.38571428571428573,1396.656516362562,19,13.571428571428571,,MCD,100,Se usarán las 100 ROIs del atlas Schaefer.,,,,
018_S_4889,ROISignals_018_S_4889.mat,False,140,100,True,0,0.0,0,0.0,0,0.0,50,0.35714285714285715,621.5744882763382,19,13.571428571428571,,MCD,100,Se usarán las 100 ROIs del atlas Schaefer.,,,,
018_S_5074,ROISignals_018_S_5074.mat,False,140,100,True,0,0.0,0,0.0,0,0.0,25,0.17857142857142858,620.9103256595898,19,13.571428571428571,,MCD,100,Se usarán las 100 ROIs del atlas Schaefer.,,,,
018_S_5240,ROISignals_018_S_5240.mat,False,140,100,True,0,0.0,0,0.0,0,0.0,11,0.07857142857142857,1197.4176452519757,19,13.571428571428571,,MCD,100,Se usarán las 100 ROIs del atlas Schaefer.,,,,
018_S_6207,ROISignals_018_S_6207.mat,False,197,100,True,0,0.0,0,0.0,0,0.0,13,0.06598984771573604,2122.5909730171984,51,25.888324873096447,,MCD,100,Se usarán las 100 ROIs del atlas Schaefer.,,,,
018_S_6351,ROISignals_018_S_6351.mat,False,197,100,True,0,0.0,0,0.0,0,0.0,0,0.0,1073.4032880289496,51,25.888324873096447,,MCD,100,Se usarán las 100 ROIs del atlas Schaefer.,,,,
018_S_6414,ROISignals_018_S_6414.mat,False,197,100,True,0,0.0,0,0.0,0,0.0,11,0.05583756345177665,1285.6639183447035,53,26.903553299492387,,MCD,100,Se usarán las 100 ROIs del atlas Schaefer.,,,,
019_S_4252,ROISignals_019_S_4252.mat,False,140,100,True,0,0.0,0,0.0,0,0.0,21,0.15,915.5445686722118,19,13.571428571428571,,MCD,100,Se usarán las 100 ROIs del atlas Schaefer.,,,,
019_S_4285,ROISignals_019_S_4285.mat,False,140,100,True,0,0.0,0,0.0,0,0.0,19,0.1357142857142857,2608.650643199085,19,13.571428571428571,,MCD,100,Se usarán las 100 ROIs del atlas Schaefer.,,,,
019_S_4293,ROISignals_019_S_4293.mat,False,140,100,True,0,0.0,0,0.0,0,0.0,32,0.22857142857142856,1587.4585706756095,19,13.571428571428571,,MCD,100,Se usarán las 100 ROIs del atlas Schaefer.,,,,
019_S_4367,ROISignals_019_S_4367.mat,False,140,100,True,0,0.0,0,0.0,0,0.0,29,0.20714285714285716,1114.6043459350224,19,13.571428571428571,,MCD,100,Se usarán las 100 ROIs del atlas Schaefer.,,,,
019_S_4477,ROISignals_019_S_4477.mat,False,140,100,True,0,0.0,0,0.0,0,0.0,11,0.07857142857142857,1975.0302968491535,19,13.571428571428571,,MCD,100,Se usarán las 100 ROIs del atlas Schaefer.,,,,
019_S_4548,ROISignals_019_S_4548.mat,False,140,100,True,0,0.0,0,0.0,0,0.0,15,0.10714285714285714,1339.90125284906,19,13.571428571428571,,MCD,100,Se usarán las 100 ROIs del atlas Schaefer.,,,,
019_S_4549,ROISignals_019_S_4549.mat,False,140,100,True,0,0.0,0,0.0,0,0.0,54,0.38571428571428573,986.113689837493,19,13.571428571428571,,MCD,100,Se usarán las 100 ROIs del atlas Schaefer.,,,,
019_S_4680,ROISignals_019_S_4680.mat,False,140,100,True,0,0.0,0,0.0,0,0.0,22,0.15714285714285714,1248.6259797679852,19,13.571428571428571,,MCD,100,Se usarán las 100 ROIs del atlas Schaefer.,,,,
019_S_4835,ROISignals_019_S_4835.mat,False,140,100,True,0,0.0,0,0.0,0,0.0,12,0.08571428571428572,1708.2332925040785,19,13.571428571428571,,MCD,100,Se usarán las 100 ROIs del atlas Schaefer.,,,,
019_S_5012,ROISignals_019_S_5012.mat,False,140,100,True,0,0.0,0,0.0,0,0.0,1,0.007142857142857143,2176.7247422165287,19,13.571428571428571,,MCD,100,Se usarán las 100 ROIs del atlas Schaefer.,,,,
019_S_5019,ROISignals_019_S_5019.mat,False,140,100,True,0,0.0,0,0.0,0,0.0,22,0.15714285714285714,4777.786766569657,19,13.571428571428571,,MCD,100,Se usarán las 100 ROIs del atlas Schaefer.,,,,
019_S_6186,ROISignals_019_S_6186.mat,False,197,100,True,0,0.0,0,0.0,0,0.0,13,0.06598984771573604,949.3317786427507,51,25.888324873096447,,MCD,100,Se usarán las 100 ROIs del atlas Schaefer.,,,,
019_S_6315,ROISignals_019_S_6315.mat,False,197,100,True,0,0.0,0,0.0,0,0.0,20,0.10152284263959391,877.0407578622559,52,26.395939086294415,,MCD,100,Se usarán las 100 ROIs del atlas Schaefer.,,,,
019_S_6483,ROISignals_019_S_6483.mat,False,197,100,True,0,0.0,0,0.0,0,0.0,23,0.116751269035533,908.2237212289251,52,26.395939086294415,,MCD,100,Se usarán las 100 ROIs del atlas Schaefer.,,,,
019_S_6573,ROISignals_019_S_6573.mat,False,197,100,True,0,0.0,0,0.0,0,0.0,10,0.050761421319796954,498.585121198759,53,26.903553299492387,,MCD,100,Se usarán las 100 ROIs del atlas Schaefer.,,,,
019_S_6585,ROISignals_019_S_6585.mat,False,197,100,True,0,0.0,0,0.0,0,0.0,63,0.3197969543147208,740.1618243581985,51,25.888324873096447,,MCD,100,Se usarán las 100 ROIs del atlas Schaefer.,,,,
019_S_6630,ROISignals_019_S_6630.mat,False,197,100,True,0,0.0,0,0.0,0,0.0,4,0.02030456852791878,786.1842621949882,52,26.395939086294415,,MCD,100,Se usarán las 100 ROIs del atlas Schaefer.,,,,
019_S_6635,ROISignals_019_S_6635.mat,False,197,100,True,0,0.0,0,0.0,0,0.0,23,0.116751269035533,721.7964000564224,50,25.380710659898476,,MCD,100,Se usarán las 100 ROIs del atlas Schaefer.,,,,
019_S_6668,ROISignals_019_S_6668.mat,False,197,100,True,0,0.0,0,0.0,0,0.0,28,0.14213197969543148,556.8714650424057,51,25.888324873096447,,MCD,100,Se usarán las 100 ROIs del atlas Schaefer.,,,,
019_S_6712,ROISignals_019_S_6712.mat,False,197,100,True,0,0.0,0,0.0,0,0.0,30,0.15228426395939088,386.3063108545988,50,25.380710659898476,,MCD,100,Se usarán las 100 ROIs del atlas Schaefer.,,,,
019_S_6757,ROISignals_019_S_6757.mat,False,197,100,True,0,0.0,0,0.0,0,0.0,34,0.17258883248730963,431.36385583307185,52,26.395939086294415,,MCD,100,Se usarán las 100 ROIs del atlas Schaefer.,,,,
019_S_7016,ROISignals_019_S_7016.mat,False,197,100,True,0,0.0,0,0.0,0,0.0,7,0.03553299492385787,559.4419799200782,50,25.380710659898476,,MCD,100,Se usarán las 100 ROIs del atlas Schaefer.,,,,
021_S_4659,ROISignals_021_S_4659.mat,False,200,100,True,0,0.0,0,0.0,0,0.0,129,0.645,2916.7838170621726,50,25.0,,MCD,100,Se usarán las 100 ROIs del atlas Schaefer.,,,,
021_S_4744,ROISignals_021_S_4744.mat,False,200,100,True,0,0.0,0,0.0,0,0.0,100,0.5,907.1717272919403,49,24.5,,MCD,100,Se usarán las 100 ROIs del atlas Schaefer.,,,,
022_S_2263,ROISignals_022_S_2263.mat,False,197,100,True,0,0.0,0,0.0,0,0.0,37,0.18781725888324874,1360.725272212585,53,26.903553299492387,,MCD,100,Se usarán las 100 ROIs del atlas Schaefer.,,,,
022_S_2379,ROISignals_022_S_2379.mat,False,197,100,True,0,0.0,0,0.0,0,0.0,62,0.3147208121827411,1620.7101755665383,51,25.888324873096447,,MCD,100,Se usarán las 100 ROIs del atlas Schaefer.,,,,
022_S_6013,ROISignals_022_S_6013.mat,False,197,100,True,0,0.0,0,0.0,0,0.0,108,0.5482233502538071,1292.371638813761,49,24.873096446700508,,MCD,100,Se usarán las 100 ROIs del atlas Schaefer.,,,,
022_S_6280,ROISignals_022_S_6280.mat,False,197,100,True,0,0.0,0,0.0,0,0.0,15,0.07614213197969544,1282.1314256678445,53,26.903553299492387,,MCD,100,Se usarán las 100 ROIs del atlas Schaefer.,,,,
022_S_6716,ROISignals_022_S_6716.mat,False,197,100,True,0,0.0,0,0.0,0,0.0,5,0.025380710659898477,1916.5899345722478,53,26.903553299492387,,MCD,100,Se usarán las 100 ROIs del atlas Schaefer.,,,,
024_S_4674,ROISignals_024_S_4674.mat,False,197,100,True,0,0.0,0,0.0,0,0.0,10,0.050761421319796954,1363.2804489789976,52,26.395939086294415,,MCD,100,Se usarán las 100 ROIs del atlas Schaefer.,,,,
024_S_6033,ROISignals_024_S_6033.mat,False,197,100,True,0,0.0,0,0.0,0,0.0,4,0.02030456852791878,1929.9369475892827,52,26.395939086294415,,MCD,100,Se usarán las 100 ROIs del atlas Schaefer.,,,,
027_S_2219,ROISignals_027_S_2219.mat,False,200,100,True,0,0.0,0,0.0,0,0.0,97,0.485,1370.6315451673308,49,24.5,,MCD,100,Se usarán las 100 ROIs del atlas Schaefer.,,,,
027_S_2245,ROISignals_027_S_2245.mat,False,200,100,True,0,0.0,0,0.0,0,0.0,12,0.06,720.2867416208346,49,24.5,,MCD,100,Se usarán las 100 ROIs del atlas Schaefer.,,,,
027_S_4869,ROISignals_027_S_4869.mat,False,200,100,True,0,0.0,0,0.0,0,0.0,48,0.24,1807.8480858058656,51,25.5,,MCD,100,Se usarán las 100 ROIs del atlas Schaefer.,,,,
027_S_4919,ROISignals_027_S_4919.mat,False,200,100,True,0,0.0,0,0.0,0,0.0,40,0.2,1815.2591108484062,49,24.5,,MCD,100,Se usarán las 100 ROIs del atlas Schaefer.,,,,
027_S_6648,ROISignals_027_S_6648.mat,False,200,100,True,0,0.0,0,0.0,0,0.0,139,0.695,1524.6039026006608,52,26.0,,MCD,100,Se usarán las 100 ROIs del atlas Schaefer.,,,,
027_S_6733,ROISignals_027_S_6733.mat,False,200,100,True,0,0.0,0,0.0,0,0.0,100,0.5,6157.855322337977,51,25.5,,MCD,100,Se usarán las 100 ROIs del atlas Schaefer.,,,,
027_S_6849,ROISignals_027_S_6849.mat,False,200,100,True,0,0.0,0,0.0,0,0.0,248,1.24,1032.8843215231373,52,26.0,,MCD,100,Se usarán las 100 ROIs del atlas Schaefer.,,,,
027_S_6965,ROISignals_027_S_6965.mat,False,200,100,True,0,0.0,0,0.0,0,0.0,89,0.445,6938.004917262639,49,24.5,,MCD,100,Se usarán las 100 ROIs del atlas Schaefer.,,,,
031_S_2018,ROISignals_031_S_2018.mat,False,140,100,True,0,0.0,0,0.0,0,0.0,8,0.05714285714285714,1919.851026067778,19,13.571428571428571,,MCD,100,Se usarán las 100 ROIs del atlas Schaefer.,,,,
031_S_2022,ROISignals_031_S_2022.mat,False,140,100,True,0,0.0,0,0.0,0,0.0,66,0.4714285714285714,1943.5096631307251,19,13.571428571428571,,MCD,100,Se usarán las 100 ROIs del atlas Schaefer.,,,,
031_S_2233,ROISignals_031_S_2233.mat,False,140,100,True,0,0.0,0,0.0,0,0.0,16,0.11428571428571428,1197.9796321308136,19,13.571428571428571,,MCD,100,Se usarán las 100 ROIs del atlas Schaefer.,,,,
031_S_4005,ROISignals_031_S_4005.mat,False,140,100,True,0,0.0,0,0.0,0,0.0,6,0.04285714285714286,1817.751196813488,19,13.571428571428571,,MCD,100,Se usarán las 100 ROIs del atlas Schaefer.,,,,
031_S_4024,ROISignals_031_S_4024.mat,False,140,100,True,0,0.0,0,0.0,0,0.0,9,0.06428571428571428,1844.7942206943856,19,13.571428571428571,,MCD,100,Se usarán las 100 ROIs del atlas Schaefer.,,,,
031_S_4029,ROISignals_031_S_4029.mat,False,140,100,True,0,0.0,0,0.0,0,0.0,16,0.11428571428571428,1003.0800178419895,19,13.571428571428571,,MCD,100,Se usarán las 100 ROIs del atlas Schaefer.,,,,
031_S_4032,ROISignals_031_S_4032.mat,False,140,100,True,0,0.0,0,0.0,0,0.0,32,0.22857142857142856,727.8524344324833,19,13.571428571428571,,MCD,100,Se usarán las 100 ROIs del atlas Schaefer.,,,,
031_S_4042,ROISignals_031_S_4042.mat,False,140,100,True,0,0.0,0,0.0,0,0.0,22,0.15714285714285714,1217.3316676718582,19,13.571428571428571,,MCD,100,Se usarán las 100 ROIs del atlas Schaefer.,,,,
031_S_4149,ROISignals_031_S_4149.mat,False,140,100,True,0,0.0,0,0.0,0,0.0,0,0.0,1719.9794647070034,19,13.571428571428571,,MCD,100,Se usarán las 100 ROIs del atlas Schaefer.,,,,
031_S_4194,ROISignals_031_S_4194.mat,False,140,100,True,0,0.0,0,0.0,0,0.0,30,0.21428571428571427,1216.927232794821,19,13.571428571428571,,MCD,100,Se usarán las 100 ROIs del atlas Schaefer.,,,,
031_S_4203,ROISignals_031_S_4203.mat,False,140,100,True,0,0.0,0,0.0,0,0.0,36,0.2571428571428571,903.9076118053595,19,13.571428571428571,,MCD,100,Se usarán las 100 ROIs del atlas Schaefer.,,,,
031_S_4218,ROISignals_031_S_4218.mat,False,140,100,True,0,0.0,0,0.0,0,0.0,3,0.02142857142857143,2102.444220767141,19,13.571428571428571,,MCD,100,Se usarán las 100 ROIs del atlas Schaefer.,,,,
031_S_4474,ROISignals_031_S_4474.mat,False,140,100,True,0,0.0,0,0.0,0,0.0,39,0.2785714285714286,1551.3715664278552,19,13.571428571428571,,MCD,100,Se usarán las 100 ROIs del atlas Schaefer.,,,,
031_S_4476,ROISignals_031_S_4476.mat,False,140,100,True,0,0.0,0,0.0,0,0.0,29,0.20714285714285716,2544.5798594040175,19,13.571428571428571,,MCD,100,Se usarán las 100 ROIs del atlas Schaefer.,,,,
031_S_4496,ROISignals_031_S_4496.mat,False,140,100,True,0,0.0,0,0.0,0,0.0,10,0.07142857142857142,1486.8952769357243,19,13.571428571428571,,MCD,100,Se usarán las 100 ROIs del atlas Schaefer.,,,,
031_S_4590,ROISignals_031_S_4590.mat,False,140,100,True,0,0.0,0,0.0,0,0.0,14,0.1,1540.0992805451408,19,13.571428571428571,,MCD,100,Se usarán las 100 ROIs del atlas Schaefer.,,,,
031_S_4721,ROISignals_031_S_4721.mat,False,140,100,True,0,0.0,0,0.0,0,0.0,3,0.02142857142857143,747.5285763478719,19,13.571428571428571,,MCD,100,Se usarán las 100 ROIs del atlas Schaefer.,,,,
031_S_4947,ROISignals_031_S_4947.mat,False,140,100,True,0,0.0,0,0.0,0,0.0,27,0.19285714285714287,852.6050917133597,19,13.571428571428571,,MCD,100,Se usarán las 100 ROIs del atlas Schaefer.,,,,
031_S_6715,ROISignals_031_S_6715.mat,False,197,100,True,0,0.0,0,0.0,0,0.0,21,0.1065989847715736,529.9342318125197,53,26.903553299492387,,MCD,100,Se usarán las 100 ROIs del atlas Schaefer.,,,,
032_S_2119,ROISignals_032_S_2119.mat,False,197,100,True,0,0.0,0,0.0,0,0.0,31,0.15736040609137056,2570.8644088201527,53,26.903553299492387,,MCD,100,Se usarán las 100 ROIs del atlas Schaefer.,,,,
032_S_6055,ROISignals_032_S_6055.mat,False,197,100,True,0,0.0,0,0.0,0,0.0,58,0.29441624365482233,1284.5919145254948,52,26.395939086294415,,MCD,100,Se usarán las 100 ROIs del atlas Schaefer.,,,,
032_S_6600,ROISignals_032_S_6600.mat,False,197,100,True,0,0.0,0,0.0,0,0.0,17,0.08629441624365482,1541.7024821063044,54,27.411167512690355,,MCD,100,Se usarán las 100 ROIs del atlas Schaefer.,,,,
032_S_6602,ROISignals_032_S_6602.mat,False,197,100,True,0,0.0,0,0.0,0,0.0,65,0.3299492385786802,6762.290224007959,54,27.411167512690355,,MCD,100,Se usarán las 100 ROIs del atlas Schaefer.,,,,
032_S_6700,ROISignals_032_S_6700.mat,False,197,100,True,0,0.0,0,0.0,0,0.0,37,0.18781725888324874,1993.799658755699,52,26.395939086294415,,MCD,100,Se usarán las 100 ROIs del atlas Schaefer.,,,,
032_S_6804,ROISignals_032_S_6804.mat,False,197,100,True,0,0.0,0,0.0,0,0.0,10,0.050761421319796954,2048.2223861657485,53,26.903553299492387,,MCD,100,Se usarán las 100 ROIs del atlas Schaefer.,,,,
032_S_6855,ROISignals_032_S_6855.mat,False,197,100,True,0,0.0,0,0.0,0,0.0,178,0.9035532994923858,7156.052451706601,50,25.380710659898476,,MCD,100,Se usarán las 100 ROIs del atlas Schaefer.,,,,
035_S_4114,ROISignals_035_S_4114.mat,False,197,100,True,0,0.0,0,0.0,0,0.0,17,0.08629441624365482,2122.29964850294,51,25.888324873096447,,MCD,100,Se usarán las 100 ROIs del atlas Schaefer.,,,,
035_S_4414,ROISignals_035_S_4414.mat,False,197,100,True,0,0.0,0,0.0,0,0.0,39,0.19796954314720813,1167.8444676202553,53,26.903553299492387,,MCD,100,Se usarán las 100 ROIs del atlas Schaefer.,,,,
035_S_6380,ROISignals_035_S_6380.mat,False,197,100,True,0,0.0,0,0.0,0,0.0,35,0.17766497461928935,1149.0231987967588,50,25.380710659898476,,MCD,100,Se usarán las 100 ROIs del atlas Schaefer.,,,,
035_S_6480,ROISignals_035_S_6480.mat,False,197,100,True,0,0.0,0,0.0,0,0.0,42,0.2131979695431472,1810.6340762862458,49,24.873096446700508,,MCD,100,Se usarán las 100 ROIs del atlas Schaefer.,,,,
035_S_6641,ROISignals_035_S_6641.mat,False,197,100,True,0,0.0,0,0.0,0,0.0,17,0.08629441624365482,2032.199313097358,54,27.411167512690355,,MCD,100,Se usarán las 100 ROIs del atlas Schaefer.,,,,
035_S_6650,ROISignals_035_S_6650.mat,False,197,100,True,0,0.0,0,0.0,0,0.0,15,0.07614213197969544,1011.5080337510599,55,27.918781725888326,,MCD,100,Se usarán las 100 ROIs del atlas Schaefer.,,,,
035_S_6660,ROISignals_035_S_6660.mat,False,197,100,True,0,0.0,0,0.0,0,0.0,17,0.08629441624365482,342.55213675839616,50,25.380710659898476,,MCD,100,Se usarán las 100 ROIs del atlas Schaefer.,,,,
035_S_6947,ROISignals_035_S_6947.mat,False,197,100,True,0,0.0,0,0.0,0,0.0,18,0.09137055837563451,1181.626981216856,49,24.873096446700508,,MCD,100,Se usarán las 100 ROIs del atlas Schaefer.,,,,
035_S_7000,ROISignals_035_S_7000.mat,False,197,100,True,0,0.0,0,0.0,0,0.0,39,0.19796954314720813,1001.02507980506,53,26.903553299492387,,MCD,100,Se usarán las 100 ROIs del atlas Schaefer.,,,,
035_S_7001,ROISignals_035_S_7001.mat,False,197,100,True,0,0.0,0,0.0,0,0.0,61,0.3096446700507614,1103.764102867267,52,26.395939086294415,,MCD,100,Se usarán las 100 ROIs del atlas Schaefer.,,,,
035_S_7021,ROISignals_035_S_7021.mat,False,197,100,True,0,0.0,0,0.0,0,0.0,320,1.6243654822335025,11328.146653295109,52,26.395939086294415,,MCD,100,Se usarán las 100 ROIs del atlas Schaefer.,,,,
035_S_7049,ROISignals_035_S_7049.mat,False,197,100,True,0,0.0,0,0.0,0,0.0,57,0.2893401015228426,1427.902753154322,52,26.395939086294415,,MCD,100,Se usarán las 100 ROIs del atlas Schaefer.,,,,
035_S_7073,ROISignals_035_S_7073.mat,False,197,100,True,0,0.0,0,0.0,0,0.0,20,0.10152284263959391,624.4288728088836,53,26.903553299492387,,MCD,100,Se usarán las 100 ROIs del atlas Schaefer.,,,,
035_S_7105,ROISignals_035_S_7105.mat,False,197,100,True,0,0.0,0,0.0,0,0.0,10,0.050761421319796954,2155.545164282599,53,26.903553299492387,,MCD,100,Se usarán las 100 ROIs del atlas Schaefer.,,,,
035_S_7120,ROISignals_035_S_7120.mat,False,197,100,True,0,0.0,0,0.0,0,0.0,150,0.7614213197969543,957.5129950791967,55,27.918781725888326,,MCD,100,Se usarán las 100 ROIs del atlas Schaefer.,,,,
035_S_7121,ROISignals_035_S_7121.mat,False,197,100,True,0,0.0,0,0.0,0,0.0,14,0.07106598984771574,602.4878542844065,49,24.873096446700508,,MCD,100,Se usarán las 100 ROIs del atlas Schaefer.,,,,
037_S_0150,ROISignals_037_S_0150.mat,False,197,100,True,0,0.0,0,0.0,0,0.0,25,0.12690355329949238,4224.918359927443,53,26.903553299492387,,MCD,100,Se usarán las 100 ROIs del atlas Schaefer.,,,,
037_S_0377,ROISignals_037_S_0377.mat,False,197,100,True,0,0.0,0,0.0,0,0.0,20,0.10152284263959391,860.1566997812802,49,24.873096446700508,,MCD,100,Se usarán las 100 ROIs del atlas Schaefer.,,,,
037_S_4030,ROISignals_037_S_4030.mat,False,197,100,True,0,0.0,0,0.0,0,0.0,21,0.1065989847715736,3266.9005624804063,51,25.888324873096447,,MCD,100,Se usarán las 100 ROIs del atlas Schaefer.,,,,
037_S_4214,ROISignals_037_S_4214.mat,False,197,100,True,0,0.0,0,0.0,0,0.0,35,0.17766497461928935,1018.975279862003,52,26.395939086294415,,MCD,100,Se usarán las 100 ROIs del atlas Schaefer.,,,,
037_S_4302,ROISignals_037_S_4302.mat,False,197,100,True,0,0.0,0,0.0,0,0.0,17,0.08629441624365482,958.6728918710073,51,25.888324873096447,,MCD,100,Se usarán las 100 ROIs del atlas Schaefer.,,,,
037_S_4706,ROISignals_037_S_4706.mat,False,197,100,True,0,0.0,0,0.0,0,0.0,8,0.04060913705583756,2231.5037519399702,49,24.873096446700508,,MCD,100,Se usarán las 100 ROIs del atlas Schaefer.,,,,
041_S_4051,ROISignals_041_S_4051.mat,False,197,100,True,0,0.0,0,0.0,0,0.0,29,0.14720812182741116,1154.0618464675622,53,26.903553299492387,,MCD,100,Se usarán las 100 ROIs del atlas Schaefer.,,,,
041_S_4143,ROISignals_041_S_4143.mat,False,197,100,True,0,0.0,0,0.0,0,0.0,22,0.1116751269035533,1484.3275404514907,53,26.903553299492387,,MCD,100,Se usarán las 100 ROIs del atlas Schaefer.,,,,
041_S_4271,ROISignals_041_S_4271.mat,False,197,100,True,0,0.0,0,0.0,0,0.0,59,0.29949238578680204,1970.0375665889794,51,25.888324873096447,,MCD,100,Se usarán las 100 ROIs del atlas Schaefer.,,,,
041_S_4510,ROISignals_041_S_4510.mat,False,197,100,True,0,0.0,0,0.0,0,0.0,9,0.04568527918781726,2958.8004248173606,51,25.888324873096447,,MCD,100,Se usarán las 100 ROIs del atlas Schaefer.,,,,
041_S_4513,ROISignals_041_S_4513.mat,False,197,100,True,0,0.0,0,0.0,0,0.0,2,0.01015228426395939,1014.8327195076334,54,27.411167512690355,,MCD,100,Se usarán las 100 ROIs del atlas Schaefer.,,,,
041_S_4874,ROISignals_041_S_4874.mat,False,197,100,True,0,0.0,0,0.0,0,0.0,28,0.14213197969543148,1530.6919038467654,51,25.888324873096447,,MCD,100,Se usarán las 100 ROIs del atlas Schaefer.,,,,
041_S_4876,ROISignals_041_S_4876.mat,False,197,100,True,0,0.0,0,0.0,0,0.0,18,0.09137055837563451,1491.8999645291726,49,24.873096446700508,,MCD,100,Se usarán las 100 ROIs del atlas Schaefer.,,,,
041_S_4974,ROISignals_041_S_4974.mat,False,197,100,True,0,0.0,0,0.0,0,0.0,20,0.10152284263959391,1906.9296570865145,52,26.395939086294415,,MCD,100,Se usarán las 100 ROIs del atlas Schaefer.,,,,
053_S_0919,ROISignals_053_S_0919.mat,False,140,100,True,0,0.0,0,0.0,0,0.0,2,0.014285714285714285,1025.78743829355,19,13.571428571428571,,MCD,100,Se usarán las 100 ROIs del atlas Schaefer.,,,,
053_S_2357,ROISignals_053_S_2357.mat,False,140,100,True,0,0.0,0,0.0,0,0.0,3,0.02142857142857143,2275.8317130070736,19,13.571428571428571,,MCD,100,Se usarán las 100 ROIs del atlas Schaefer.,,,,
053_S_2396,ROISignals_053_S_2396.mat,False,140,100,True,0,0.0,0,0.0,0,0.0,18,0.12857142857142856,1029.706207031353,19,13.571428571428571,,MCD,100,Se usarán las 100 ROIs del atlas Schaefer.,,,,
053_S_4557,ROISignals_053_S_4557.mat,False,140,100,True,0,0.0,0,0.0,0,0.0,82,0.5857142857142857,1267.2132534526606,19,13.571428571428571,,MCD,100,Se usarán las 100 ROIs del atlas Schaefer.,,,,
053_S_4578,ROISignals_053_S_4578.mat,False,140,100,True,0,0.0,0,0.0,0,0.0,18,0.12857142857142856,635.6347073322228,19,13.571428571428571,,MCD,100,Se usarán las 100 ROIs del atlas Schaefer.,,,,
053_S_4661,ROISignals_053_S_4661.mat,False,140,100,True,0,0.0,0,0.0,0,0.0,64,0.45714285714285713,880.8198149701957,19,13.571428571428571,,MCD,100,Se usarán las 100 ROIs del atlas Schaefer.,,,,
053_S_4813,ROISignals_053_S_4813.mat,False,140,100,True,0,0.0,0,0.0,0,0.0,32,0.22857142857142856,677.240697387876,19,13.571428571428571,,MCD,100,Se usarán las 100 ROIs del atlas Schaefer.,,,,
053_S_5070,ROISignals_053_S_5070.mat,False,140,100,True,0,0.0,0,0.0,0,0.0,8,0.05714285714285714,1238.025555264557,19,13.571428571428571,,MCD,100,Se usarán las 100 ROIs del atlas Schaefer.,,,,
053_S_5208,ROISignals_053_S_5208.mat,False,140,100,True,0,0.0,0,0.0,0,0.0,6,0.04285714285714286,951.642674916063,19,13.571428571428571,,MCD,100,Se usarán las 100 ROIs del atlas Schaefer.,,,,
053_S_6598,ROISignals_053_S_6598.mat,False,197,100,True,0,0.0,0,0.0,0,0.0,50,0.25380710659898476,563.457892583914,52,26.395939086294415,,MCD,100,Se usarán las 100 ROIs del atlas Schaefer.,,,,
053_S_6861,ROISignals_053_S_6861.mat,False,197,100,True,0,0.0,0,0.0,0,0.0,17,0.08629441624365482,719.4119755415142,53,26.903553299492387,,MCD,100,Se usarán las 100 ROIs del atlas Schaefer.,,,,
053_S_7086,ROISignals_053_S_7086.mat,False,197,100,True,0,0.0,0,0.0,0,0.0,3,0.015228426395939087,996.6339014150489,52,26.395939086294415,,MCD,100,Se usarán las 100 ROIs del atlas Schaefer.,,,,
053_S_7109,ROISignals_053_S_7109.mat,False,197,100,True,0,0.0,0,0.0,0,0.0,36,0.18274111675126903,296.7596838171078,48,24.365482233502537,,MCD,100,Se usarán las 100 ROIs del atlas Schaefer.,,,,
057_S_6746,ROISignals_057_S_6746.mat,False,200,100,True,0,0.0,0,0.0,0,0.0,63,0.315,1085.0027221873172,49,24.5,,MCD,100,Se usarán las 100 ROIs del atlas Schaefer.,,,,
057_S_6869,ROISignals_057_S_6869.mat,False,200,100,True,0,0.0,0,0.0,0,0.0,52,0.26,647.0775731112388,49,24.5,,MCD,100,Se usarán las 100 ROIs del atlas Schaefer.,,,,
068_S_2184,ROISignals_068_S_2184.mat,False,197,100,True,0,0.0,0,0.0,0,0.0,42,0.2131979695431472,1245.5781844319074,51,25.888324873096447,,MCD,100,Se usarán las 100 ROIs del atlas Schaefer.,,,,
068_S_2187,ROISignals_068_S_2187.mat,False,197,100,True,0,0.0,0,0.0,0,0.0,15,0.07614213197969544,1584.7138872270853,51,25.888324873096447,,MCD,100,Se usarán las 100 ROIs del atlas Schaefer.,,,,
068_S_2315,ROISignals_068_S_2315.mat,False,197,100,True,0,0.0,0,0.0,0,0.0,23,0.116751269035533,1305.1097061302164,52,26.395939086294415,,MCD,100,Se usarán las 100 ROIs del atlas Schaefer.,,,,
068_S_4061,ROISignals_068_S_4061.mat,False,197,100,True,0,0.0,0,0.0,0,0.0,24,0.1218274111675127,1576.337547073382,53,26.903553299492387,,MCD,100,Se usarán las 100 ROIs del atlas Schaefer.,,,,
068_S_4067,ROISignals_068_S_4067.mat,False,197,100,True,0,0.0,0,0.0,0,0.0,26,0.1319796954314721,547.6508321637865,53,26.903553299492387,,MCD,100,Se usarán las 100 ROIs del atlas Schaefer.,,,,
068_S_4332,ROISignals_068_S_4332.mat,False,197,100,True,0,0.0,0,0.0,0,0.0,0,0.0,5181.90649112117,49,24.873096446700508,,MCD,100,Se usarán las 100 ROIs del atlas Schaefer.,,,,
068_S_4431,ROISignals_068_S_4431.mat,False,197,100,True,0,0.0,0,0.0,0,0.0,21,0.1065989847715736,1242.737999788502,53,26.903553299492387,,MCD,100,Se usarán las 100 ROIs del atlas Schaefer.,,,,
082_S_2121,ROISignals_082_S_2121.mat,False,197,100,True,0,0.0,0,0.0,0,0.0,6,0.030456852791878174,377.33219289664316,50,25.380710659898476,,MCD,100,Se usarán las 100 ROIs del atlas Schaefer.,,,,
082_S_6690,ROISignals_082_S_6690.mat,False,197,100,True,0,0.0,0,0.0,0,0.0,51,0.25888324873096447,650.655979192261,50,25.380710659898476,,MCD,100,Se usarán las 100 ROIs del atlas Schaefer.,,,,
094_S_2201,ROISignals_094_S_2201.mat,False,197,100,True,0,0.0,0,0.0,0,0.0,18,0.09137055837563451,2793.0476656950636,52,26.395939086294415,,MCD,100,Se usarán las 100 ROIs del atlas Schaefer.,,,,
094_S_2238,ROISignals_094_S_2238.mat,False,197,100,True,0,0.0,0,0.0,0,0.0,26,0.1319796954314721,737.8322123423579,52,26.395939086294415,,MCD,100,Se usarán las 100 ROIs del atlas Schaefer.,,,,
098_S_6601,ROISignals_098_S_6601.mat,False,200,100,True,0,0.0,0,0.0,0,0.0,33,0.165,921.0834529573116,53,26.5,,MCD,100,Se usarán las 100 ROIs del atlas Schaefer.,,,,
098_S_6655,ROISignals_098_S_6655.mat,False,200,100,True,0,0.0,0,0.0,0,0.0,45,0.225,950.5574756874844,49,24.5,,MCD,100,Se usarán las 100 ROIs del atlas Schaefer.,,,,
098_S_6658,ROISignals_098_S_6658.mat,False,200,100,True,0,0.0,0,0.0,0,0.0,24,0.12,2761.304848253396,50,25.0,,MCD,100,Se usarán las 100 ROIs del atlas Schaefer.,,,,
099_S_2146,ROISignals_099_S_2146.mat,False,200,100,True,0,0.0,0,0.0,0,0.0,57,0.285,1038.1321546393215,51,25.5,,MCD,100,Se usarán las 100 ROIs del atlas Schaefer.,,,,
100_S_0069,ROISignals_100_S_0069.mat,False,197,100,True,0,0.0,0,0.0,0,0.0,10,0.050761421319796954,522.2483922107278,51,25.888324873096447,,MCD,100,Se usarán las 100 ROIs del atlas Schaefer.,,,,
100_S_1286,ROISignals_100_S_1286.mat,False,197,100,True,0,0.0,0,0.0,0,0.0,38,0.19289340101522842,3115.309607913776,49,24.873096446700508,,MCD,100,Se usarán las 100 ROIs del atlas Schaefer.,,,,
100_S_2351,ROISignals_100_S_2351.mat,False,140,100,True,0,0.0,0,0.0,0,0.0,12,0.08571428571428572,818.479906562635,19,13.571428571428571,,MCD,100,Se usarán las 100 ROIs del atlas Schaefer.,,,,
100_S_4469,ROISignals_100_S_4469.mat,False,140,100,True,0,0.0,0,0.0,0,0.0,12,0.08571428571428572,629.1404212805736,19,13.571428571428571,,MCD,100,Se usarán las 100 ROIs del atlas Schaefer.,,,,
100_S_4511,ROISignals_100_S_4511.mat,False,140,100,True,0,0.0,0,0.0,0,0.0,14,0.1,3129.9775830351446,19,13.571428571428571,,MCD,100,Se usarán las 100 ROIs del atlas Schaefer.,,,,
100_S_4512,ROISignals_100_S_4512.mat,False,140,100,True,0,0.0,0,0.0,0,0.0,10,0.07142857142857142,1679.7056996753408,19,13.571428571428571,,MCD,100,Se usarán las 100 ROIs del atlas Schaefer.,,,,
100_S_4556,ROISignals_100_S_4556.mat,False,140,100,True,0,0.0,0,0.0,0,0.0,3,0.02142857142857143,1328.505194212845,19,13.571428571428571,,MCD,100,Se usarán las 100 ROIs del atlas Schaefer.,,,,
100_S_4884,ROISignals_100_S_4884.mat,False,140,100,True,0,0.0,0,0.0,0,0.0,4,0.02857142857142857,1746.619743024214,19,13.571428571428571,,MCD,100,Se usarán las 100 ROIs del atlas Schaefer.,,,,
100_S_4970,ROISignals_100_S_4970.mat,False,140,100,True,0,0.0,0,0.0,0,0.0,41,0.29285714285714287,2804.6639958736314,19,13.571428571428571,,MCD,100,Se usarán las 100 ROIs del atlas Schaefer.,,,,
100_S_5106,ROISignals_100_S_5106.mat,False,140,100,True,0,0.0,0,0.0,0,0.0,15,0.10714285714285714,1940.4032482576047,19,13.571428571428571,,MCD,100,Se usarán las 100 ROIs del atlas Schaefer.,,,,
100_S_5246,ROISignals_100_S_5246.mat,False,140,100,True,0,0.0,0,0.0,0,0.0,43,0.30714285714285716,1321.8025773090694,19,13.571428571428571,,MCD,100,Se usarán las 100 ROIs del atlas Schaefer.,,,,
100_S_6164,ROISignals_100_S_6164.mat,False,197,100,True,0,0.0,0,0.0,0,0.0,21,0.1065989847715736,666.7187144779418,52,26.395939086294415,,MCD,100,Se usarán las 100 ROIs del atlas Schaefer.,,,,
100_S_6273,ROISignals_100_S_6273.mat,False,197,100,True,0,0.0,0,0.0,0,0.0,59,0.29949238578680204,1105.691744163905,51,25.888324873096447,,MCD,100,Se usarán las 100 ROIs del atlas Schaefer.,,,,
100_S_6308,ROISignals_100_S_6308.mat,False,197,100,True,0,0.0,0,0.0,0,0.0,1,0.005076142131979695,4513.289876905735,52,26.395939086294415,,MCD,100,Se usarán las 100 ROIs del atlas Schaefer.,,,,
100_S_6349,ROISignals_100_S_6349.mat,False,197,100,True,0,0.0,0,0.0,0,0.0,48,0.2436548223350254,891.6765163524558,51,25.888324873096447,,MCD,100,Se usarán las 100 ROIs del atlas Schaefer.,,,,
100_S_6493,ROISignals_100_S_6493.mat,False,197,100,True,0,0.0,0,0.0,0,0.0,3,0.015228426395939087,1766.121602541523,54,27.411167512690355,,MCD,100,Se usarán las 100 ROIs del atlas Schaefer.,,,,
100_S_6578,ROISignals_100_S_6578.mat,False,197,100,True,0,0.0,0,0.0,0,0.0,83,0.4213197969543147,1039.9943896805978,55,27.918781725888326,,MCD,100,Se usarán las 100 ROIs del atlas Schaefer.,,,,
100_S_6713,ROISignals_100_S_6713.mat,False,197,100,True,0,0.0,0,0.0,0,0.0,6,0.030456852791878174,1363.6643036682692,51,25.888324873096447,,MCD,100,Se usarán las 100 ROIs del atlas Schaefer.,,,,
109_S_4380,ROISignals_109_S_4380.mat,False,197,100,True,0,0.0,0,0.0,0,0.0,34,0.17258883248730963,1193.2406285470913,51,25.888324873096447,,MCD,100,Se usarán las 100 ROIs del atlas Schaefer.,,,,
114_S_2392,ROISignals_114_S_2392.mat,False,197,100,True,0,0.0,0,0.0,0,0.0,16,0.08121827411167512,948.6385938524669,53,26.903553299492387,,MCD,100,Se usarán las 100 ROIs del atlas Schaefer.,,,,
114_S_4404,ROISignals_114_S_4404.mat,False,197,100,True,0,0.0,0,0.0,0,0.0,40,0.20304568527918782,1555.1926913128032,49,24.873096446700508,,MCD,100,Se usarán las 100 ROIs del atlas Schaefer.,,,,
114_S_5047,ROISignals_114_S_5047.mat,False,197,100,True,0,0.0,0,0.0,0,0.0,22,0.1116751269035533,1681.967603116068,51,25.888324873096447,,MCD,100,Se usarán las 100 ROIs del atlas Schaefer.,,,,
114_S_6347,ROISignals_114_S_6347.mat,False,197,100,True,0,0.0,0,0.0,0,0.0,99,0.5025380710659898,1449.2316159677287,53,26.903553299492387,,MCD,100,Se usarán las 100 ROIs del atlas Schaefer.,,,,
114_S_6368,ROISignals_114_S_6368.mat,False,197,100,True,0,0.0,0,0.0,0,0.0,93,0.4720812182741117,1796.1394418247123,48,24.365482233502537,,MCD,100,Se usarán las 100 ROIs del atlas Schaefer.,,,,
114_S_6595,ROISignals_114_S_6595.mat,False,197,100,True,0,0.0,0,0.0,0,0.0,41,0.20812182741116753,1785.6132679913778,52,26.395939086294415,,MCD,100,Se usarán las 100 ROIs del atlas Schaefer.,,,,
116_S_4199,ROISignals_116_S_4199.mat,False,197,100,True,0,0.0,0,0.0,0,0.0,25,0.12690355329949238,1150.5979621291633,49,24.873096446700508,,MCD,100,Se usarán las 100 ROIs del atlas Schaefer.,,,,
116_S_6100,ROISignals_116_S_6100.mat,False,197,100,True,0,0.0,0,0.0,0,0.0,24,0.1218274111675127,1448.7890949237224,50,25.380710659898476,,MCD,100,Se usarán las 100 ROIs del atlas Schaefer.,,,,
116_S_6543,ROISignals_116_S_6543.mat,False,197,100,True,0,0.0,0,0.0,0,0.0,53,0.26903553299492383,588.4166224262162,50,25.380710659898476,,MCD,100,Se usarán las 100 ROIs del atlas Schaefer.,,,,
123_S_0072,ROISignals_123_S_0072.mat,False,197,100,True,0,0.0,0,0.0,0,0.0,75,0.38071065989847713,646.1463295043418,50,25.380710659898476,,MCD,100,Se usarán las 100 ROIs del atlas Schaefer.,,,,
123_S_0106,ROISignals_123_S_0106.mat,False,197,100,True,0,0.0,0,0.0,0,0.0,25,0.12690355329949238,1031.3774632906068,52,26.395939086294415,,MCD,100,Se usarán las 100 ROIs del atlas Schaefer.,,,,
123_S_0298,ROISignals_123_S_0298.mat,False,197,100,True,0,0.0,0,0.0,0,0.0,13,0.06598984771573604,1020.7055039706789,56,28.426395939086294,,MCD,100,Se usarán las 100 ROIs del atlas Schaefer.,,,,
123_S_1300,ROISignals_123_S_1300.mat,False,197,100,True,0,0.0,0,0.0,0,0.0,43,0.2182741116751269,997.960433916786,50,25.380710659898476,,MCD,100,Se usarán las 100 ROIs del atlas Schaefer.,,,,
123_S_4127,ROISignals_123_S_4127.mat,False,197,100,True,0,0.0,0,0.0,0,0.0,14,0.07106598984771574,1020.2676683103892,54,27.411167512690355,,MCD,100,Se usarán las 100 ROIs del atlas Schaefer.,,,,
123_S_4170,ROISignals_123_S_4170.mat,False,197,100,True,0,0.0,0,0.0,0,0.0,15,0.07614213197969544,303.5935680320227,51,25.888324873096447,,MCD,100,Se usarán las 100 ROIs del atlas Schaefer.,,,,
123_S_6118,ROISignals_123_S_6118.mat,False,197,100,True,0,0.0,0,0.0,0,0.0,10,0.050761421319796954,658.8998765225551,51,25.888324873096447,,MCD,100,Se usarán las 100 ROIs del atlas Schaefer.,,,,
123_S_6825,ROISignals_123_S_6825.mat,False,197,100,True,0,0.0,0,0.0,0,0.0,24,0.1218274111675127,538.9244841500429,50,25.380710659898476,,MCD,100,Se usarán las 100 ROIs del atlas Schaefer.,,,,
123_S_6888,ROISignals_123_S_6888.mat,False,197,100,True,0,0.0,0,0.0,0,0.0,66,0.3350253807106599,820.2722144546149,52,26.395939086294415,,MCD,100,Se usarán las 100 ROIs del atlas Schaefer.,,,,
123_S_6891,ROISignals_123_S_6891.mat,False,197,100,True,0,0.0,0,0.0,0,0.0,8,0.04060913705583756,728.0058712668553,51,25.888324873096447,,MCD,100,Se usarán las 100 ROIs del atlas Schaefer.,,,,
126_S_4507,ROISignals_126_S_4507.mat,False,200,100,True,0,0.0,0,0.0,0,0.0,85,0.425,1235.9789572215602,49,24.5,,MCD,100,Se usarán las 100 ROIs del atlas Schaefer.,,,,
126_S_4514,ROISignals_126_S_4514.mat,False,200,100,True,0,0.0,0,0.0,0,0.0,51,0.255,3083.3593433695123,52,26.0,,MCD,100,Se usarán las 100 ROIs del atlas Schaefer.,,,,
126_S_4891,ROISignals_126_S_4891.mat,False,200,100,True,0,0.0,0,0.0,0,0.0,52,0.26,919.0815241168609,52,26.0,,MCD,100,Se usarán las 100 ROIs del atlas Schaefer.,,,,
126_S_4896,ROISignals_126_S_4896.mat,False,200,100,True,0,0.0,0,0.0,0,0.0,68,0.34,4008.7652069868373,51,25.5,,MCD,100,Se usarán las 100 ROIs del atlas Schaefer.,,,,
126_S_6683,ROISignals_126_S_6683.mat,False,200,100,True,0,0.0,0,0.0,0,0.0,165,0.825,3123.1606515636436,49,24.5,,MCD,100,Se usarán las 100 ROIs del atlas Schaefer.,,,,
126_S_6721,ROISignals_126_S_6721.mat,False,200,100,True,0,0.0,0,0.0,0,0.0,146,0.73,2315.6500501118935,51,25.5,,MCD,100,Se usarán las 100 ROIs del atlas Schaefer.,,,,
127_S_2234,ROISignals_127_S_2234.mat,False,200,100,True,0,0.0,0,0.0,0,0.0,68,0.34,1404.1546257600698,50,25.0,,MCD,100,Se usarán las 100 ROIs del atlas Schaefer.,,,,
127_S_4197,ROISignals_127_S_4197.mat,False,200,100,True,0,0.0,0,0.0,0,0.0,19,0.095,3258.526675933951,51,25.5,,MCD,100,Se usarán las 100 ROIs del atlas Schaefer.,,,,
127_S_4210,ROISignals_127_S_4210.mat,False,200,100,True,0,0.0,0,0.0,0,0.0,56,0.28,1285.0395650102325,50,25.0,,MCD,100,Se usarán las 100 ROIs del atlas Schaefer.,,,,
127_S_4301,ROISignals_127_S_4301.mat,False,200,100,True,0,0.0,0,0.0,0,0.0,114,0.57,1172.2212579535305,49,24.5,,MCD,100,Se usarán las 100 ROIs del atlas Schaefer.,,,,
127_S_4765,ROISignals_127_S_4765.mat,False,200,100,True,0,0.0,0,0.0,0,0.0,37,0.185,5248.8707220596725,52,26.0,,MCD,100,Se usarán las 100 ROIs del atlas Schaefer.,,,,
127_S_4928,ROISignals_127_S_4928.mat,False,200,100,True,0,0.0,0,0.0,0,0.0,107,0.535,2165.432423242884,50,25.0,,MCD,100,Se usarán las 100 ROIs del atlas Schaefer.,,,,
127_S_6433,ROISignals_127_S_6433.mat,False,200,100,True,0,0.0,0,0.0,0,0.0,55,0.275,1756.8425276486194,50,25.0,,MCD,100,Se usarán las 100 ROIs del atlas Schaefer.,,,,
127_S_6549,ROISignals_127_S_6549.mat,False,200,100,True,0,0.0,0,0.0,0,0.0,76,0.38,1401.6250661749687,49,24.5,,MCD,100,Se usarán las 100 ROIs del atlas Schaefer.,,,,
128_S_2036,ROISignals_128_S_2036.mat,False,200,100,True,0,0.0,0,0.0,0,0.0,49,0.245,1913.0039405568414,51,25.5,,MCD,100,Se usarán las 100 ROIs del atlas Schaefer.,,,,
128_S_2123,ROISignals_128_S_2123.mat,False,200,100,True,0,0.0,0,0.0,0,0.0,46,0.23,1488.6703488485152,51,25.5,,MCD,100,Se usarán las 100 ROIs del atlas Schaefer.,,,,
128_S_2130,ROISignals_128_S_2130.mat,False,200,100,True,0,0.0,0,0.0,0,0.0,14,0.07,2377.979304961297,52,26.0,,MCD,100,Se usarán las 100 ROIs del atlas Schaefer.,,,,
128_S_2220,ROISignals_128_S_2220.mat,False,200,100,True,0,0.0,0,0.0,0,0.0,124,0.62,1234.1872937580954,53,26.5,,MCD,100,Se usarán las 100 ROIs del atlas Schaefer.,,,,
128_S_4842,ROISignals_128_S_4842.mat,False,200,100,True,0,0.0,0,0.0,0,0.0,57,0.285,1397.4857580571238,49,24.5,,MCD,100,Se usarán las 100 ROIs del atlas Schaefer.,,,,
129_S_2332,ROISignals_129_S_2332.mat,False,200,100,True,0,0.0,0,0.0,0,0.0,32,0.16,513.7218363286231,52,26.0,,MCD,100,Se usarán las 100 ROIs del atlas Schaefer.,,,,
129_S_6763,ROISignals_129_S_6763.mat,False,200,100,True,0,0.0,0,0.0,0,0.0,91,0.455,1258.8461360448025,49,24.5,,MCD,100,Se usarán las 100 ROIs del atlas Schaefer.,,,,
129_S_6784,ROISignals_129_S_6784.mat,False,200,100,True,0,0.0,0,0.0,0,0.0,62,0.31,3595.765588216272,51,25.5,,MCD,100,Se usarán las 100 ROIs del atlas Schaefer.,,,,
130_S_0969,ROISignals_130_S_0969.mat,False,197,100,True,0,0.0,0,0.0,0,0.0,22,0.1116751269035533,715.2471326339487,53,26.903553299492387,,MCD,100,Se usarán las 100 ROIs del atlas Schaefer.,,,,
130_S_2391,ROISignals_130_S_2391.mat,False,140,100,True,0,0.0,0,0.0,0,0.0,38,0.2714285714285714,770.4558527824105,19,13.571428571428571,,MCD,100,Se usarán las 100 ROIs del atlas Schaefer.,,,,
130_S_2402,ROISignals_130_S_2402.mat,False,140,100,True,0,0.0,0,0.0,0,0.0,87,0.6214285714285714,786.8223300673242,19,13.571428571428571,,MCD,100,Se usarán las 100 ROIs del atlas Schaefer.,,,,
130_S_2403,ROISignals_130_S_2403.mat,False,140,100,True,0,0.0,0,0.0,0,0.0,13,0.09285714285714286,888.3843304294809,19,13.571428571428571,,MCD,100,Se usarán las 100 ROIs del atlas Schaefer.,,,,
130_S_4294,ROISignals_130_S_4294.mat,False,140,100,True,0,0.0,0,0.0,0,0.0,63,0.45,700.0704239348923,19,13.571428571428571,,MCD,100,Se usarán las 100 ROIs del atlas Schaefer.,,,,
130_S_4343,ROISignals_130_S_4343.mat,False,140,100,True,0,0.0,0,0.0,0,0.0,29,0.20714285714285716,1271.767000828846,19,13.571428571428571,,MCD,100,Se usarán las 100 ROIs del atlas Schaefer.,,,,
130_S_4352,ROISignals_130_S_4352.mat,False,140,100,True,0,0.0,0,0.0,0,0.0,43,0.30714285714285716,1049.3317994060328,19,13.571428571428571,,MCD,100,Se usarán las 100 ROIs del atlas Schaefer.,,,,
130_S_4405,ROISignals_130_S_4405.mat,False,140,100,True,0,0.0,0,0.0,0,0.0,17,0.12142857142857143,1115.6292275628723,19,13.571428571428571,,MCD,100,Se usarán las 100 ROIs del atlas Schaefer.,,,,
130_S_4415,ROISignals_130_S_4415.mat,False,140,100,True,0,0.0,0,0.0,0,0.0,59,0.42142857142857143,871.9296854746951,19,13.571428571428571,,MCD,100,Se usarán las 100 ROIs del atlas Schaefer.,,,,
130_S_4417,ROISignals_130_S_4417.mat,False,140,100,True,0,0.0,0,0.0,0,0.0,59,0.42142857142857143,1402.8855237547923,19,13.571428571428571,,MCD,100,Se usarán las 100 ROIs del atlas Schaefer.,,,,
130_S_4468,ROISignals_130_S_4468.mat,False,140,100,True,0,0.0,0,0.0,0,0.0,16,0.11428571428571428,2225.6675663609158,19,13.571428571428571,,MCD,100,Se usarán las 100 ROIs del atlas Schaefer.,,,,
130_S_4542,ROISignals_130_S_4542.mat,False,140,100,True,0,0.0,0,0.0,0,0.0,19,0.1357142857142857,1238.0601732172095,19,13.571428571428571,,MCD,100,Se usarán las 100 ROIs del atlas Schaefer.,,,,
130_S_4589,ROISignals_130_S_4589.mat,False,140,100,True,0,0.0,0,0.0,0,0.0,46,0.32857142857142857,1618.741057860556,19,13.571428571428571,,MCD,100,Se usarán las 100 ROIs del atlas Schaefer.,,,,
130_S_4605,ROISignals_130_S_4605.mat,False,140,100,True,0,0.0,0,0.0,0,0.0,23,0.16428571428571428,3368.75305045672,19,13.571428571428571,,MCD,100,Se usarán las 100 ROIs del atlas Schaefer.,,,,
130_S_4641,ROISignals_130_S_4641.mat,False,140,100,True,0,0.0,0,0.0,0,0.0,57,0.40714285714285714,1719.564382235274,19,13.571428571428571,,MCD,100,Se usarán las 100 ROIs del atlas Schaefer.,,,,
130_S_4660,ROISignals_130_S_4660.mat,False,140,100,True,0,0.0,0,0.0,0,0.0,40,0.2857142857142857,1066.7655639649429,19,13.571428571428571,,MCD,100,Se usarán las 100 ROIs del atlas Schaefer.,,,,
130_S_4730,ROISignals_130_S_4730.mat,False,140,100,True,0,0.0,0,0.0,0,0.0,7,0.05,734.9671039762383,19,13.571428571428571,,MCD,100,Se usarán las 100 ROIs del atlas Schaefer.,,,,
130_S_4817,ROISignals_130_S_4817.mat,False,140,100,True,0,0.0,0,0.0,0,0.0,10,0.07142857142857142,808.7369075872921,19,13.571428571428571,,MCD,100,Se usarán las 100 ROIs del atlas Schaefer.,,,,
130_S_4883,ROISignals_130_S_4883.mat,False,140,100,True,0,0.0,0,0.0,0,0.0,29,0.20714285714285716,2822.379384253051,19,13.571428571428571,,MCD,100,Se usarán las 100 ROIs del atlas Schaefer.,,,,
130_S_4925,ROISignals_130_S_4925.mat,False,140,100,True,0,0.0,0,0.0,0,0.0,13,0.09285714285714286,1231.7004947556466,19,13.571428571428571,,MCD,100,Se usarán las 100 ROIs del atlas Schaefer.,,,,
130_S_4971,ROISignals_130_S_4971.mat,False,140,100,True,0,0.0,0,0.0,0,0.0,4,0.02857142857142857,2032.4399638259865,19,13.571428571428571,,MCD,100,Se usarán las 100 ROIs del atlas Schaefer.,,,,
130_S_4982,ROISignals_130_S_4982.mat,False,140,100,True,0,0.0,0,0.0,0,0.0,94,0.6714285714285714,2136.0178007238083,19,13.571428571428571,,MCD,100,Se usarán las 100 ROIs del atlas Schaefer.,,,,
130_S_4984,ROISignals_130_S_4984.mat,False,140,100,True,0,0.0,0,0.0,0,0.0,13,0.09285714285714286,907.2414668466398,19,13.571428571428571,,MCD,100,Se usarán las 100 ROIs del atlas Schaefer.,,,,
130_S_4990,ROISignals_130_S_4990.mat,False,140,100,True,0,0.0,0,0.0,0,0.0,115,0.8214285714285714,1039.0081290946414,19,13.571428571428571,,MCD,100,Se usarán las 100 ROIs del atlas Schaefer.,,,,
130_S_4997,ROISignals_130_S_4997.mat,False,140,100,True,0,0.0,0,0.0,0,0.0,53,0.37857142857142856,1168.0259880348722,19,13.571428571428571,,MCD,100,Se usarán las 100 ROIs del atlas Schaefer.,,,,
130_S_5006,ROISignals_130_S_5006.mat,False,140,100,True,0,0.0,0,0.0,0,0.0,77,0.55,1414.6743536679319,19,13.571428571428571,,MCD,100,Se usarán las 100 ROIs del atlas Schaefer.,,,,
130_S_5059,ROISignals_130_S_5059.mat,False,140,100,True,0,0.0,0,0.0,0,0.0,16,0.11428571428571428,1268.134114067529,19,13.571428571428571,,MCD,100,Se usarán las 100 ROIs del atlas Schaefer.,,,,
130_S_5231,ROISignals_130_S_5231.mat,False,140,100,True,0,0.0,0,0.0,0,0.0,68,0.4857142857142857,47961.50057686878,19,13.571428571428571,,MCD,100,Se usarán las 100 ROIs del atlas Schaefer.,,,,
130_S_6019,ROISignals_130_S_6019.mat,False,197,100,True,0,0.0,0,0.0,0,0.0,10,0.050761421319796954,789.8528083130573,51,25.888324873096447,,MCD,100,Se usarán las 100 ROIs del atlas Schaefer.,,,,
130_S_6027,ROISignals_130_S_6027.mat,False,197,100,True,0,0.0,0,0.0,0,0.0,9,0.04568527918781726,689.0695298263795,48,24.365482233502537,,MCD,100,Se usarán las 100 ROIs del atlas Schaefer.,,,,
130_S_6035,ROISignals_130_S_6035.mat,False,197,100,True,0,0.0,0,0.0,0,0.0,23,0.116751269035533,1092.4383627484422,49,24.873096446700508,,MCD,100,Se usarán las 100 ROIs del atlas Schaefer.,,,,
130_S_6037,ROISignals_130_S_6037.mat,False,197,100,True,0,0.0,0,0.0,0,0.0,13,0.06598984771573604,718.5943319418409,49,24.873096446700508,,MCD,100,Se usarán las 100 ROIs del atlas Schaefer.,,,,
130_S_6043,ROISignals_130_S_6043.mat,False,197,100,True,0,0.0,0,0.0,0,0.0,7,0.03553299492385787,1696.0250591062677,57,28.934010152284262,,MCD,100,Se usarán las 100 ROIs del atlas Schaefer.,,,,
130_S_6047,ROISignals_130_S_6047.mat,False,197,100,True,0,0.0,0,0.0,0,0.0,9,0.04568527918781726,943.4690422977543,51,25.888324873096447,,MCD,100,Se usarán las 100 ROIs del atlas Schaefer.,,,,
130_S_6072,ROISignals_130_S_6072.mat,False,197,100,True,0,0.0,0,0.0,0,0.0,6,0.030456852791878174,1477.8848529019388,51,25.888324873096447,,MCD,100,Se usarán las 100 ROIs del atlas Schaefer.,,,,
130_S_6105,ROISignals_130_S_6105.mat,False,197,100,True,0,0.0,0,0.0,0,0.0,36,0.18274111675126903,518.1965141055556,53,26.903553299492387,,MCD,100,Se usarán las 100 ROIs del atlas Schaefer.,,,,
130_S_6111,ROISignals_130_S_6111.mat,False,197,100,True,0,0.0,0,0.0,0,0.0,31,0.15736040609137056,1140.5159196987975,53,26.903553299492387,,MCD,100,Se usarán las 100 ROIs del atlas Schaefer.,,,,
130_S_6137,ROISignals_130_S_6137.mat,False,197,100,True,0,0.0,0,0.0,0,0.0,5,0.025380710659898477,1480.46439184964,52,26.395939086294415,,MCD,100,Se usarán las 100 ROIs del atlas Schaefer.,,,,
130_S_6161,ROISignals_130_S_6161.mat,False,197,100,True,0,0.0,0,0.0,0,0.0,26,0.1319796954314721,357.5674757075402,54,27.411167512690355,,MCD,100,Se usarán las 100 ROIs del atlas Schaefer.,,,,
130_S_6319,ROISignals_130_S_6319.mat,False,197,100,True,0,0.0,0,0.0,0,0.0,5,0.025380710659898477,819.6765841795736,51,25.888324873096447,,MCD,100,Se usarán las 100 ROIs del atlas Schaefer.,,,,
130_S_6361,ROISignals_130_S_6361.mat,False,197,100,True,0,0.0,0,0.0,0,0.0,26,0.1319796954314721,507.1305352096648,49,24.873096446700508,,MCD,100,Se usarán las 100 ROIs del atlas Schaefer.,,,,
130_S_6372,ROISignals_130_S_6372.mat,False,197,100,True,0,0.0,0,0.0,0,0.0,15,0.07614213197969544,540.6934256165222,52,26.395939086294415,,MCD,100,Se usarán las 100 ROIs del atlas Schaefer.,,,,
130_S_6388,ROISignals_130_S_6388.mat,False,197,100,True,0,0.0,0,0.0,0,0.0,10,0.050761421319796954,278.24456542140103,50,25.380710659898476,,MCD,100,Se usarán las 100 ROIs del atlas Schaefer.,,,,
130_S_6390,ROISignals_130_S_6390.mat,False,197,100,True,0,0.0,0,0.0,0,0.0,37,0.18781725888324874,455.90025978025074,51,25.888324873096447,,MCD,100,Se usarán las 100 ROIs del atlas Schaefer.,,,,
130_S_6391,ROISignals_130_S_6391.mat,False,197,100,True,0,0.0,0,0.0,0,0.0,94,0.47715736040609136,743.9784007555016,52,26.395939086294415,,MCD,100,Se usarán las 100 ROIs del atlas Schaefer.,,,,
130_S_6469,ROISignals_130_S_6469.mat,False,197,100,True,0,0.0,0,0.0,0,0.0,46,0.233502538071066,490.4426990824364,52,26.395939086294415,,MCD,100,Se usarán las 100 ROIs del atlas Schaefer.,,,,
130_S_6558,ROISignals_130_S_6558.mat,False,197,100,True,0,0.0,0,0.0,0,0.0,10,0.050761421319796954,560.8409414853407,51,25.888324873096447,,MCD,100,Se usarán las 100 ROIs del atlas Schaefer.,,,,
130_S_6604,ROISignals_130_S_6604.mat,False,197,100,True,0,0.0,0,0.0,0,0.0,6,0.030456852791878174,579.1968576953784,49,24.873096446700508,,MCD,100,Se usarán las 100 ROIs del atlas Schaefer.,,,,
130_S_6611,ROISignals_130_S_6611.mat,False,197,100,True,0,0.0,0,0.0,0,0.0,4,0.02030456852791878,400.166369595061,50,25.380710659898476,,MCD,100,Se usarán las 100 ROIs del atlas Schaefer.,,,,
130_S_6612,ROISignals_130_S_6612.mat,False,197,100,True,0,0.0,0,0.0,0,0.0,17,0.08629441624365482,659.9154550343796,51,25.888324873096447,,MCD,100,Se usarán las 100 ROIs del atlas Schaefer.,,,,
130_S_6639,ROISignals_130_S_6639.mat,False,197,100,True,0,0.0,0,0.0,0,0.0,8,0.04060913705583756,933.9528807264444,52,26.395939086294415,,MCD,100,Se usarán las 100 ROIs del atlas Schaefer.,,,,
130_S_6646,ROISignals_130_S_6646.mat,False,197,100,True,0,0.0,0,0.0,0,0.0,37,0.18781725888324874,1965.2693357844983,53,26.903553299492387,,MCD,100,Se usarán las 100 ROIs del atlas Schaefer.,,,,
130_S_6647,ROISignals_130_S_6647.mat,False,197,100,True,0,0.0,0,0.0,0,0.0,110,0.5583756345177665,18281.03078106623,55,27.918781725888326,,MCD,100,Se usarán las 100 ROIs del atlas Schaefer.,,,,
130_S_6823,ROISignals_130_S_6823.mat,False,197,100,True,0,0.0,0,0.0,0,0.0,12,0.06091370558375635,3484.404740965025,53,26.903553299492387,,MCD,100,Se usarán las 100 ROIs del atlas Schaefer.,,,,
131_S_0384,ROISignals_131_S_0384.mat,False,197,100,True,0,0.0,0,0.0,0,0.0,5,0.025380710659898477,810.8451626138599,49,24.873096446700508,,MCD,100,Se usarán las 100 ROIs del atlas Schaefer.,,,,
131_S_5138,ROISignals_131_S_5138.mat,False,140,100,True,0,0.0,0,0.0,0,0.0,4,0.02857142857142857,705.2394116033756,19,13.571428571428571,,MCD,100,Se usarán las 100 ROIs del atlas Schaefer.,,,,
131_S_6143,ROISignals_131_S_6143.mat,False,197,100,True,0,0.0,0,0.0,0,0.0,41,0.20812182741116753,1258.9496081290956,50,25.380710659898476,,MCD,100,Se usarán las 100 ROIs del atlas Schaefer.,,,,
131_S_6616,ROISignals_131_S_6616.mat,False,197,100,True,0,0.0,0,0.0,0,0.0,12,0.06091370558375635,692.7751019138071,48,24.365482233502537,,MCD,100,Se usarán las 100 ROIs del atlas Schaefer.,,,,
131_S_7032,ROISignals_131_S_7032.mat,False,197,100,True,0,0.0,0,0.0,0,0.0,34,0.17258883248730963,1242.576500085426,51,25.888324873096447,,MCD,100,Se usarán las 100 ROIs del atlas Schaefer.,,,,
135_S_4356,ROISignals_135_S_4356.mat,False,200,100,True,0,0.0,0,0.0,0,0.0,88,0.44,1556.540109963288,50,25.0,,MCD,100,Se usarán las 100 ROIs del atlas Schaefer.,,,,
135_S_4489,ROISignals_135_S_4489.mat,False,200,100,True,0,0.0,0,0.0,0,0.0,88,0.44,2831.9889978381148,51,25.5,,MCD,100,Se usarán las 100 ROIs del atlas Schaefer.,,,,
135_S_4722,ROISignals_135_S_4722.mat,False,200,100,True,0,0.0,0,0.0,0,0.0,45,0.225,2767.405822662223,51,25.5,,MCD,100,Se usarán las 100 ROIs del atlas Schaefer.,,,,
135_S_4723,ROISignals_135_S_4723.mat,False,200,100,True,0,0.0,0,0.0,0,0.0,48,0.24,965.9049752536467,50,25.0,,MCD,100,Se usarán las 100 ROIs del atlas Schaefer.,,,,
135_S_6284,ROISignals_135_S_6284.mat,False,200,100,True,0,0.0,0,0.0,0,0.0,18,0.09,3401.1983376540697,52,26.0,,MCD,100,Se usarán las 100 ROIs del atlas Schaefer.,,,,
135_S_6389,ROISignals_135_S_6389.mat,False,200,100,True,0,0.0,0,0.0,0,0.0,40,0.2,2105.8116310897913,51,25.5,,MCD,100,Se usarán las 100 ROIs del atlas Schaefer.,,,,
135_S_6545,ROISignals_135_S_6545.mat,False,200,100,True,0,0.0,0,0.0,0,0.0,68,0.34,2129.700313642931,50,25.0,,MCD,100,Se usarán las 100 ROIs del atlas Schaefer.,,,,
135_S_6687,ROISignals_135_S_6687.mat,False,200,100,True,0,0.0,0,0.0,0,0.0,26,0.13,1443.4724375572562,56,28.0,,MCD,100,Se usarán las 100 ROIs del atlas Schaefer.,,,,
135_S_6840,ROISignals_135_S_6840.mat,False,200,100,True,0,0.0,0,0.0,0,0.0,48,0.24,1689.220535073888,50,25.0,,MCD,100,Se usarán las 100 ROIs del atlas Schaefer.,,,,
135_S_7003,ROISignals_135_S_7003.mat,False,200,100,True,0,0.0,0,0.0,0,0.0,145,0.725,5023.108948481183,50,25.0,,MCD,100,Se usarán las 100 ROIs del atlas Schaefer.,,,,
136_S_4269,ROISignals_136_S_4269.mat,False,140,100,True,0,0.0,0,0.0,0,0.0,11,0.07857142857142857,1262.8834826631075,19,13.571428571428571,,MCD,100,Se usarán las 100 ROIs del atlas Schaefer.,,,,
136_S_4408,ROISignals_136_S_4408.mat,False,140,100,True,0,0.0,0,0.0,0,0.0,9,0.06428571428571428,1969.8702277983125,19,13.571428571428571,,MCD,100,Se usarán las 100 ROIs del atlas Schaefer.,,,,
136_S_4433,ROISignals_136_S_4433.mat,False,140,100,True,0,0.0,0,0.0,0,0.0,6,0.04285714285714286,3423.469034043349,19,13.571428571428571,,MCD,100,Se usarán las 100 ROIs del atlas Schaefer.,,,,
136_S_4517,ROISignals_136_S_4517.mat,False,140,100,True,0,0.0,0,0.0,0,0.0,51,0.36428571428571427,1575.3736997580759,19,13.571428571428571,,MCD,100,Se usarán las 100 ROIs del atlas Schaefer.,,,,
136_S_4726,ROISignals_136_S_4726.mat,False,140,100,True,0,0.0,0,0.0,0,0.0,46,0.32857142857142857,588.4180015559466,19,13.571428571428571,,MCD,100,Se usarán las 100 ROIs del atlas Schaefer.,,,,
136_S_4727,ROISignals_136_S_4727.mat,False,140,100,True,0,0.0,0,0.0,0,0.0,32,0.22857142857142856,978.6842639536712,19,13.571428571428571,,MCD,100,Se usarán las 100 ROIs del atlas Schaefer.,,,,
136_S_4836,ROISignals_136_S_4836.mat,False,140,100,True,0,0.0,0,0.0,0,0.0,20,0.14285714285714285,1751.5779779463828,19,13.571428571428571,,MCD,100,Se usarán las 100 ROIs del atlas Schaefer.,,,,
136_S_4848,ROISignals_136_S_4848.mat,False,140,100,True,0,0.0,0,0.0,0,0.0,13,0.09285714285714286,1123.7315267751396,19,13.571428571428571,,MCD,100,Se usarán las 100 ROIs del atlas Schaefer.,,,,
136_S_4932,ROISignals_136_S_4932.mat,False,140,100,True,0,0.0,0,0.0,0,0.0,54,0.38571428571428573,1081.6504672268381,19,13.571428571428571,,MCD,100,Se usarán las 100 ROIs del atlas Schaefer.,,,,
136_S_4956,ROISignals_136_S_4956.mat,False,140,100,True,0,0.0,0,0.0,0,0.0,9,0.06428571428571428,817.2066998479028,19,13.571428571428571,,MCD,100,Se usarán las 100 ROIs del atlas Schaefer.,,,,
136_S_4993,ROISignals_136_S_4993.mat,False,140,100,True,0,0.0,0,0.0,0,0.0,10,0.07142857142857142,1351.006307046036,19,13.571428571428571,,MCD,100,Se usarán las 100 ROIs del atlas Schaefer.,,,,
141_S_2333,ROISignals_141_S_2333.mat,False,197,100,True,0,0.0,0,0.0,0,0.0,8,0.04060913705583756,2294.7730343932913,52,26.395939086294415,,MCD,100,Se usarán las 100 ROIs del atlas Schaefer.,,,,
141_S_4160,ROISignals_141_S_4160.mat,False,197,100,True,0,0.0,0,0.0,0,0.0,10,0.050761421319796954,233.45608159180384,51,25.888324873096447,,MCD,100,Se usarán las 100 ROIs del atlas Schaefer.,,,,
168_S_6142,ROISignals_168_S_6142.mat,False,197,100,True,0,0.0,0,0.0,0,0.0,93,0.4720812182741117,1288.7981707673293,51,25.888324873096447,,MCD,100,Se usarán las 100 ROIs del atlas Schaefer.,,,,
168_S_6735,ROISignals_168_S_6735.mat,False,197,100,True,0,0.0,0,0.0,0,0.0,37,0.18781725888324874,916.6702843092339,50,25.380710659898476,,MCD,100,Se usarán las 100 ROIs del atlas Schaefer.,,,,
168_S_6754,ROISignals_168_S_6754.mat,False,197,100,True,0,0.0,0,0.0,0,0.0,9,0.04568527918781726,1376.5632844479735,51,25.888324873096447,,MCD,100,Se usarán las 100 ROIs del atlas Schaefer.,,,,
168_S_6827,ROISignals_168_S_6827.mat,False,197,100,True,0,0.0,0,0.0,0,0.0,12,0.06091370558375635,904.3354583784527,52,26.395939086294415,,MCD,100,Se usarán las 100 ROIs del atlas Schaefer.,,,,
168_S_6828,ROISignals_168_S_6828.mat,False,197,100,True,0,0.0,0,0.0,0,0.0,24,0.1218274111675127,1005.0809016496132,52,26.395939086294415,,MCD,100,Se usarán las 100 ROIs del atlas Schaefer.,,,,
168_S_6843,ROISignals_168_S_6843.mat,False,197,100,True,0,0.0,0,0.0,0,0.0,45,0.22842639593908629,1259.476541229771,48,24.365482233502537,,MCD,100,Se usarán las 100 ROIs del atlas Schaefer.,,,,
168_S_6921,ROISignals_168_S_6921.mat,False,197,100,True,0,0.0,0,0.0,0,0.0,14,0.07106598984771574,833.7745305336693,51,25.888324873096447,,MCD,100,Se usarán las 100 ROIs del atlas Schaefer.,,,,
168_S_6938,ROISignals_168_S_6938.mat,False,197,100,True,0,0.0,0,0.0,0,0.0,28,0.14213197969543148,748.5426161891214,49,24.873096446700508,,MCD,100,Se usarán las 100 ROIs del atlas Schaefer.,,,,
177_S_6328,ROISignals_177_S_6328.mat,False,197,100,True,0,0.0,0,0.0,0,0.0,2,0.01015228426395939,1060.2028589124682,51,25.888324873096447,,MCD,100,Se usarán las 100 ROIs del atlas Schaefer.,,,,
177_S_6335,ROISignals_177_S_6335.mat,False,197,100,True,0,0.0,0,0.0,0,0.0,3,0.015228426395939087,912.4227390592507,53,26.903553299492387,,MCD,100,Se usarán las 100 ROIs del atlas Schaefer.,,,,
177_S_6408,ROISignals_177_S_6408.mat,False,197,100,True,0,0.0,0,0.0,0,0.0,4,0.02030456852791878,2549.176365023258,51,25.888324873096447,,MCD,100,Se usarán las 100 ROIs del atlas Schaefer.,,,,
177_S_6409,ROISignals_177_S_6409.mat,False,197,100,True,0,0.0,0,0.0,0,0.0,43,0.2182741116751269,418.48125407110126,51,25.888324873096447,,MCD,100,Se usarán las 100 ROIs del atlas Schaefer.,,,,
177_S_6420,ROISignals_177_S_6420.mat,False,197,100,True,0,0.0,0,0.0,0,0.0,11,0.05583756345177665,1340.2561603579836,49,24.873096446700508,,MCD,100,Se usarán las 100 ROIs del atlas Schaefer.,,,,
177_S_6448,ROISignals_177_S_6448.mat,False,197,100,True,0,0.0,0,0.0,0,0.0,11,0.05583756345177665,1267.2916087517824,51,25.888324873096447,,MCD,100,Se usarán las 100 ROIs del atlas Schaefer.,,,,
301_S_6056,ROISignals_301_S_6056.mat,False,197,100,True,0,0.0,0,0.0,0,0.0,39,0.19796954314720813,1307.7235208621473,50,25.380710659898476,,MCD,100,Se usarán las 100 ROIs del atlas Schaefer.,,,,
301_S_6224,ROISignals_301_S_6224.mat,False,197,100,True,0,0.0,0,0.0,0,0.0,35,0.17766497461928935,1188.4361637849413,50,25.380710659898476,,MCD,100,Se usarán las 100 ROIs del atlas Schaefer.,,,,
301_S_6297,ROISignals_301_S_6297.mat,False,197,100,True,0,0.0,0,0.0,0,0.0,30,0.15228426395939088,1087.3742893169274,53,26.903553299492387,,MCD,100,Se usarán las 100 ROIs del atlas Schaefer.,,,,
301_S_6326,ROISignals_301_S_6326.mat,False,197,100,True,0,0.0,0,0.0,0,0.0,39,0.19796954314720813,1707.3157987382606,48,24.365482233502537,,MCD,100,Se usarán las 100 ROIs del atlas Schaefer.,,,,
301_S_6501,ROISignals_301_S_6501.mat,False,197,100,True,0,0.0,0,0.0,0,0.0,74,0.3756345177664975,676.1119392036325,51,25.888324873096447,,MCD,100,Se usarán las 100 ROIs del atlas Schaefer.,,,,
301_S_6508,ROISignals_301_S_6508.mat,False,197,100,True,0,0.0,0,0.0,0,0.0,31,0.15736040609137056,560.7707597069639,51,25.888324873096447,,MCD,100,Se usarán las 100 ROIs del atlas Schaefer.,,,,
301_S_6592,ROISignals_301_S_6592.mat,False,197,100,True,0,0.0,0,0.0,0,0.0,14,0.07106598984771574,409.72979733343163,49,24.873096446700508,,MCD,100,Se usarán las 100 ROIs del atlas Schaefer.,,,,
301_S_6615,ROISignals_301_S_6615.mat,False,197,100,True,0,0.0,0,0.0,0,0.0,32,0.16243654822335024,497.1081584041616,48,24.365482233502537,,MCD,100,Se usarán las 100 ROIs del atlas Schaefer.,,,,
301_S_6698,ROISignals_301_S_6698.mat,False,197,100,True,0,0.0,0,0.0,0,0.0,16,0.08121827411167512,1598.880054047704,50,25.380710659898476,,MCD,100,Se usarán las 100 ROIs del atlas Schaefer.,,,,
301_S_6777,ROISignals_301_S_6777.mat,False,197,100,True,0,0.0,0,0.0,0,0.0,8,0.04060913705583756,2137.0925631390583,50,25.380710659898476,,MCD,100,Se usarán las 100 ROIs del atlas Schaefer.,,,,
301_S_6811,ROISignals_301_S_6811.mat,False,197,100,True,0,0.0,0,0.0,0,0.0,7,0.03553299492385787,1330.2642632984355,51,25.888324873096447,,MCD,100,Se usarán las 100 ROIs del atlas Schaefer.,,,,
305_S_6157,ROISignals_305_S_6157.mat,False,197,100,True,0,0.0,0,0.0,0,0.0,10,0.050761421319796954,867.3194035693903,51,25.888324873096447,,MCD,100,Se usarán las 100 ROIs del atlas Schaefer.,,,,
305_S_6188,ROISignals_305_S_6188.mat,False,197,100,True,0,0.0,0,0.0,0,0.0,6,0.030456852791878174,1185.7899244258053,52,26.395939086294415,,MCD,100,Se usarán las 100 ROIs del atlas Schaefer.,,,,
305_S_6313,ROISignals_305_S_6313.mat,False,197,100,True,0,0.0,0,0.0,0,0.0,68,0.34517766497461927,1486.0727643280486,52,26.395939086294415,,MCD,100,Se usarán las 100 ROIs del atlas Schaefer.,,,,
305_S_6438,ROISignals_305_S_6438.mat,False,197,100,True,0,0.0,0,0.0,0,0.0,12,0.06091370558375635,324.7778688389974,53,26.903553299492387,,MCD,100,Se usarán las 100 ROIs del atlas Schaefer.,,,,
305_S_6498,ROISignals_305_S_6498.mat,False,197,100,True,0,0.0,0,0.0,0,0.0,4,0.02030456852791878,1137.745602166719,50,25.380710659898476,,MCD,100,Se usarán las 100 ROIs del atlas Schaefer.,,,,
305_S_6742,ROISignals_305_S_6742.mat,False,197,100,True,0,0.0,0,0.0,0,0.0,143,0.7258883248730964,1730.4023176304922,55,27.918781725888326,,MCD,100,Se usarán las 100 ROIs del atlas Schaefer.,,,,
305_S_6744,ROISignals_305_S_6744.mat,False,197,100,True,0,0.0,0,0.0,0,0.0,25,0.12690355329949238,798.3920260872883,49,24.873096446700508,,MCD,100,Se usarán las 100 ROIs del atlas Schaefer.,,,,
305_S_6810,ROISignals_305_S_6810.mat,False,197,100,True,0,0.0,0,0.0,0,0.0,12,0.06091370558375635,898.2941820935911,51,25.888324873096447,,MCD,100,Se usarán las 100 ROIs del atlas Schaefer.,,,,
305_S_6845,ROISignals_305_S_6845.mat,False,197,100,True,0,0.0,0,0.0,0,0.0,30,0.15228426395939088,2326.882921180025,50,25.380710659898476,,MCD,100,Se usarán las 100 ROIs del atlas Schaefer.,,,,
305_S_6850,ROISignals_305_S_6850.mat,False,197,100,True,0,0.0,0,0.0,0,0.0,2,0.01015228426395939,821.3139885837589,51,25.888324873096447,,MCD,100,Se usarán las 100 ROIs del atlas Schaefer.,,,,
305_S_6871,ROISignals_305_S_6871.mat,False,197,100,True,0,0.0,0,0.0,0,0.0,4,0.02030456852791878,1210.892883684333,51,25.888324873096447,,MCD,100,Se usarán las 100 ROIs del atlas Schaefer.,,,,
305_S_6877,ROISignals_305_S_6877.mat,False,197,100,True,0,0.0,0,0.0,0,0.0,8,0.04060913705583756,857.0746352344736,50,25.380710659898476,,MCD,100,Se usarán las 100 ROIs del atlas Schaefer.,,,,
305_S_6881,ROISignals_305_S_6881.mat,False,197,100,True,0,0.0,0,0.0,0,0.0,15,0.07614213197969544,947.1915091409518,52,26.395939086294415,,MCD,100,Se usarán las 100 ROIs del atlas Schaefer.,,,,
305_S_6899,ROISignals_305_S_6899.mat,False,197,100,True,0,0.0,0,0.0,0,0.0,19,0.09644670050761421,724.3820063315106,53,26.903553299492387,,MCD,100,Se usarán las 100 ROIs del atlas Schaefer.,,,,
941_S_4036,ROISignals_941_S_4036.mat,False,197,100,True,0,0.0,0,0.0,0,0.0,32,0.16243654822335024,2216.866881210024,52,26.395939086294415,,MCD,100,Se usarán las 100 ROIs del atlas Schaefer.,,,,
941_S_4187,ROISignals_941_S_4187.mat,False,197,100,True,0,0.0,0,0.0,0,0.0,13,0.06598984771573604,1038.965711801071,50,25.380710659898476,,MCD,100,Se usarán las 100 ROIs del atlas Schaefer.,,,,
